Date_SingleModel,Home_SingleModel,Away_SingleModel,ActualWinner_SingleModel,PredictedWinner_SingleModel,ActualSpread_SingleModel,PredictedSpread_SingleModel,SpreadError_SingleModel,Correct_SingleModel,HomePoints_SingleModel,AwayPoints_SingleModel,PredictedHomePoints_SingleModel,PredictedAwayPoints_SingleModel,Date_weekBatchRetrain,Home_weekBatchRetrain,Away_weekBatchRetrain,ActualWinner_weekBatchRetrain,PredictedWinner_weekBatchRetrain,ActualSpread_weekBatchRetrain,PredictedSpread_weekBatchRetrain,SpreadError_weekBatchRetrain,Correct_weekBatchRetrain,HomePoints_weekBatchRetrain,AwayPoints_weekBatchRetrain,PredictedHomePoints_weekBatchRetrain,PredictedAwayPoints_weekBatchRetrain
2024-12-16,Charlotte Hornets,Philadelphia 76ers,Philadelphia 76ers,Philadelphia 76ers,13.0,9.9,3.0999999999999996,True,108.0,121.0,101.1,110.9,2024-12-16,Charlotte Hornets,Philadelphia 76ers,Philadelphia 76ers,Philadelphia 76ers,13.0,5.9,7.1,True,108.0,121.0,100.1,106.0
2024-12-16,Detroit Pistons,Miami Heat,Detroit Pistons,Miami Heat,1.0,7.2,6.2,False,125.0,124.0,113.9,121.1,2024-12-16,Detroit Pistons,Miami Heat,Detroit Pistons,Miami Heat,1.0,8.9,7.9,False,125.0,124.0,106.4,115.2
2024-12-16,Brooklyn Nets,Cleveland Cavaliers,Cleveland Cavaliers,Cleveland Cavaliers,29.0,17.5,11.5,True,101.0,130.0,106.2,123.7,2024-12-16,Brooklyn Nets,Cleveland Cavaliers,Cleveland Cavaliers,Cleveland Cavaliers,29.0,11.0,18.0,True,101.0,130.0,110.7,121.7
2024-12-16,Toronto Raptors,Chicago Bulls,Chicago Bulls,Chicago Bulls,1.0,0.5,0.5,True,121.0,122.0,120.0,120.5,2024-12-16,Toronto Raptors,Chicago Bulls,Chicago Bulls,Chicago Bulls,1.0,8.7,7.699999999999999,True,121.0,122.0,118.4,127.1
2024-12-16,Sacramento Kings,Denver Nuggets,Denver Nuggets,Denver Nuggets,1.0,3.0,2.0,True,129.0,130.0,124.0,127.0,2024-12-16,Sacramento Kings,Denver Nuggets,Denver Nuggets,Denver Nuggets,1.0,1.0,0.0,True,129.0,130.0,124.3,125.3
2024-12-16,Los Angeles Clippers,Utah Jazz,Los Angeles Clippers,Los Angeles Clippers,37.0,19.0,18.0,True,144.0,107.0,130.8,111.8,2024-12-16,Los Angeles Clippers,Utah Jazz,Los Angeles Clippers,Los Angeles Clippers,37.0,13.4,23.6,True,144.0,107.0,122.0,108.7
2024-12-15,Indiana Pacers,New Orleans Pelicans,Indiana Pacers,Indiana Pacers,15.0,10.8,4.199999999999999,True,119.0,104.0,118.2,107.4,2024-12-15,Indiana Pacers,New Orleans Pelicans,Indiana Pacers,Indiana Pacers,15.0,4.9,10.1,True,119.0,104.0,114.3,109.4
2024-12-15,San Antonio Spurs,Minnesota Timberwolves,Minnesota Timberwolves,Minnesota Timberwolves,14.0,8.5,5.5,True,92.0,106.0,101.8,110.3,2024-12-15,San Antonio Spurs,Minnesota Timberwolves,Minnesota Timberwolves,Minnesota Timberwolves,14.0,10.5,3.5,True,92.0,106.0,103.8,114.3
2024-12-15,Washington Wizards,Boston Celtics,Boston Celtics,Boston Celtics,14.0,14.5,0.5,True,98.0,112.0,97.3,111.8,2024-12-15,Washington Wizards,Boston Celtics,Boston Celtics,Boston Celtics,14.0,17.3,3.3000000000000007,True,98.0,112.0,100.8,118.2
2024-12-15,Orlando Magic,New York Knicks,New York Knicks,New York Knicks,9.0,1.8,7.2,True,91.0,100.0,100.1,101.9,2024-12-15,Orlando Magic,New York Knicks,New York Knicks,Orlando Magic,9.0,2.9,6.1,False,91.0,100.0,113.8,110.9
2024-12-15,Phoenix Suns,Portland Trail Blazers,Phoenix Suns,Phoenix Suns,7.0,9.8,2.8000000000000007,True,116.0,109.0,114.3,104.5,2024-12-15,Phoenix Suns,Portland Trail Blazers,Phoenix Suns,Phoenix Suns,7.0,11.5,4.5,True,116.0,109.0,119.6,108.1
2024-12-15,Los Angeles Lakers,Memphis Grizzlies,Los Angeles Lakers,Memphis Grizzlies,6.0,2.1,3.9,False,116.0,110.0,113.7,115.8,2024-12-15,Los Angeles Lakers,Memphis Grizzlies,Los Angeles Lakers,Memphis Grizzlies,6.0,6.1,0.09999999999999964,False,116.0,110.0,115.2,121.4
2024-12-15,Golden State Warriors,Dallas Mavericks,Dallas Mavericks,Dallas Mavericks,10.0,5.7,4.3,True,133.0,143.0,126.1,131.8,2024-12-15,Golden State Warriors,Dallas Mavericks,Dallas Mavericks,Dallas Mavericks,10.0,6.2,3.8,True,133.0,143.0,113.3,119.5
2024-12-14,Milwaukee Bucks,Atlanta Hawks,Milwaukee Bucks,Milwaukee Bucks,8.0,1.1,6.9,True,110.0,102.0,107.3,106.2,2024-12-14,Milwaukee Bucks,Atlanta Hawks,Milwaukee Bucks,Milwaukee Bucks,8.0,0.1,7.9,True,110.0,102.0,108.7,108.6
2024-12-14,Oklahoma City Thunder,Houston Rockets,Oklahoma City Thunder,Oklahoma City Thunder,15.0,8.0,7.0,True,111.0,96.0,111.5,103.5,2024-12-14,Oklahoma City Thunder,Houston Rockets,Oklahoma City Thunder,Oklahoma City Thunder,15.0,9.0,6.0,True,111.0,96.0,113.4,104.5
2024-12-13,Portland Trail Blazers,San Antonio Spurs,San Antonio Spurs,San Antonio Spurs,2.0,6.8,4.8,True,116.0,118.0,115.1,121.9,2024-12-13,Portland Trail Blazers,San Antonio Spurs,San Antonio Spurs,San Antonio Spurs,2.0,7.0,5.0,True,116.0,118.0,109.9,116.9
2024-12-13,Minnesota Timberwolves,Los Angeles Lakers,Minnesota Timberwolves,Minnesota Timberwolves,10.0,15.7,5.699999999999999,True,97.0,87.0,103.1,87.3,2024-12-13,Minnesota Timberwolves,Los Angeles Lakers,Minnesota Timberwolves,Minnesota Timberwolves,10.0,16.5,6.5,True,97.0,87.0,105.6,89.1
2024-12-13,Denver Nuggets,Los Angeles Clippers,Denver Nuggets,Denver Nuggets,22.0,5.6,16.4,True,120.0,98.0,117.5,111.9,2024-12-13,Denver Nuggets,Los Angeles Clippers,Denver Nuggets,Los Angeles Clippers,22.0,0.8,21.2,False,120.0,98.0,118.7,119.5
2024-12-13,Utah Jazz,Phoenix Suns,Phoenix Suns,Phoenix Suns,8.0,5.1,2.9000000000000004,True,126.0,134.0,122.7,127.8,2024-12-13,Utah Jazz,Phoenix Suns,Phoenix Suns,Phoenix Suns,8.0,3.0,5.0,True,126.0,134.0,120.1,123.1
2024-12-13,Memphis Grizzlies,Brooklyn Nets,Memphis Grizzlies,Memphis Grizzlies,16.0,11.5,4.5,True,135.0,119.0,127.9,116.3,2024-12-13,Memphis Grizzlies,Brooklyn Nets,Memphis Grizzlies,Memphis Grizzlies,16.0,5.7,10.3,True,135.0,119.0,119.4,113.7
2024-12-13,Cleveland Cavaliers,Washington Wizards,Cleveland Cavaliers,Cleveland Cavaliers,10.0,18.9,8.899999999999999,True,115.0,105.0,121.3,102.3,2024-12-13,Cleveland Cavaliers,Washington Wizards,Cleveland Cavaliers,Cleveland Cavaliers,10.0,23.3,13.3,True,115.0,105.0,126.0,102.7
2024-12-13,Philadelphia 76ers,Indiana Pacers,Indiana Pacers,Indiana Pacers,14.0,4.5,9.5,True,107.0,121.0,106.2,110.7,2024-12-13,Philadelphia 76ers,Indiana Pacers,Indiana Pacers,Philadelphia 76ers,14.0,3.6,10.4,False,107.0,121.0,106.6,103.0
2024-12-13,Chicago Bulls,Charlotte Hornets,Chicago Bulls,Chicago Bulls,14.0,12.6,1.4000000000000004,True,109.0,95.0,111.9,99.2,2024-12-13,Chicago Bulls,Charlotte Hornets,Chicago Bulls,Chicago Bulls,14.0,6.0,8.0,True,109.0,95.0,123.0,116.9
2024-12-12,New Orleans Pelicans,Sacramento Kings,Sacramento Kings,Sacramento Kings,2.0,10.0,8.0,True,109.0,111.0,105.3,115.4,2024-12-12,New Orleans Pelicans,Sacramento Kings,Sacramento Kings,Sacramento Kings,2.0,12.2,10.2,True,109.0,111.0,105.1,117.3
2024-12-12,Miami Heat,Toronto Raptors,Miami Heat,Miami Heat,10.0,10.4,0.40000000000000036,True,114.0,104.0,115.2,104.8,2024-12-12,Miami Heat,Toronto Raptors,Miami Heat,Miami Heat,10.0,10.7,0.6999999999999993,True,114.0,104.0,119.9,109.2
2024-12-12,Boston Celtics,Detroit Pistons,Boston Celtics,Boston Celtics,24.0,16.1,7.899999999999999,True,123.0,99.0,121.8,105.7,2024-12-12,Boston Celtics,Detroit Pistons,Boston Celtics,Boston Celtics,24.0,11.3,12.7,True,123.0,99.0,122.1,110.8
2024-12-11,Houston Rockets,Golden State Warriors,Houston Rockets,Houston Rockets,1.0,2.7,1.7000000000000002,True,91.0,90.0,100.0,97.3,2024-12-11,Houston Rockets,Golden State Warriors,Houston Rockets,Houston Rockets,1.0,5.8,4.8,True,91.0,90.0,104.8,99.0
2024-12-11,New York Knicks,Atlanta Hawks,Atlanta Hawks,New York Knicks,8.0,1.8,6.2,False,100.0,108.0,112.5,110.7,2024-12-11,New York Knicks,Atlanta Hawks,Atlanta Hawks,New York Knicks,8.0,5.6,2.4000000000000004,False,100.0,108.0,121.5,115.8
2024-12-10,Oklahoma City Thunder,Dallas Mavericks,Oklahoma City Thunder,Oklahoma City Thunder,14.0,10.9,3.0999999999999996,True,118.0,104.0,119.5,108.6,2024-12-10,Oklahoma City Thunder,Dallas Mavericks,Oklahoma City Thunder,Oklahoma City Thunder,14.0,2.5,11.5,True,118.0,104.0,124.5,121.9
2024-12-10,Milwaukee Bucks,Orlando Magic,Milwaukee Bucks,Milwaukee Bucks,5.0,1.9,3.1,True,114.0,109.0,108.9,106.9,2024-12-10,Milwaukee Bucks,Orlando Magic,Milwaukee Bucks,Milwaukee Bucks,5.0,0.6,4.4,True,114.0,109.0,103.8,103.2
2024-12-09,Toronto Raptors,New York Knicks,New York Knicks,New York Knicks,5.0,0.4,4.6,True,108.0,113.0,114.3,114.7,2024-12-09,Toronto Raptors,New York Knicks,New York Knicks,New York Knicks,5.0,3.5,1.5,True,108.0,113.0,119.4,122.9
2024-12-08,Los Angeles Lakers,Portland Trail Blazers,Los Angeles Lakers,Los Angeles Lakers,9.0,7.5,1.5,True,107.0,98.0,110.4,102.9,2024-12-08,Los Angeles Lakers,Portland Trail Blazers,Los Angeles Lakers,Los Angeles Lakers,9.0,1.5,7.5,True,107.0,98.0,114.0,112.5
2024-12-08,Golden State Warriors,Minnesota Timberwolves,Golden State Warriors,Minnesota Timberwolves,8.0,5.5,2.5,False,114.0,106.0,101.1,106.6,2024-12-08,Golden State Warriors,Minnesota Timberwolves,Golden State Warriors,Golden State Warriors,8.0,1.9,6.1,True,114.0,106.0,103.9,102.0
2024-12-08,Washington Wizards,Memphis Grizzlies,Memphis Grizzlies,Memphis Grizzlies,28.0,25.7,2.3000000000000007,True,112.0,140.0,106.5,132.2,2024-12-08,Washington Wizards,Memphis Grizzlies,Memphis Grizzlies,Memphis Grizzlies,28.0,20.4,7.600000000000001,True,112.0,140.0,102.8,123.2
2024-12-08,Los Angeles Clippers,Houston Rockets,Houston Rockets,Houston Rockets,11.0,0.8,10.2,True,106.0,117.0,111.8,112.6,2024-12-08,Los Angeles Clippers,Houston Rockets,Houston Rockets,Los Angeles Clippers,11.0,1.2,9.8,False,106.0,117.0,108.6,107.4
2024-12-08,Miami Heat,Cleveland Cavaliers,Miami Heat,Miami Heat,9.0,7.0,2.0,True,122.0,113.0,123.4,116.3,2024-12-08,Miami Heat,Cleveland Cavaliers,Miami Heat,Miami Heat,9.0,0.1,8.9,True,122.0,113.0,120.1,120.0
2024-12-08,Sacramento Kings,Utah Jazz,Sacramento Kings,Sacramento Kings,44.0,20.5,23.5,True,141.0,97.0,130.0,109.5,2024-12-08,Sacramento Kings,Utah Jazz,Sacramento Kings,Sacramento Kings,44.0,7.7,36.3,True,141.0,97.0,123.7,116.0
2024-12-08,Brooklyn Nets,Milwaukee Bucks,Milwaukee Bucks,Milwaukee Bucks,5.0,6.1,1.0999999999999996,True,113.0,118.0,109.9,116.0,2024-12-08,Brooklyn Nets,Milwaukee Bucks,Milwaukee Bucks,Milwaukee Bucks,5.0,6.6,1.5999999999999996,True,113.0,118.0,107.3,113.8
2024-12-08,Orlando Magic,Phoenix Suns,Orlando Magic,Orlando Magic,5.0,11.3,6.300000000000001,True,115.0,110.0,119.6,108.3,2024-12-08,Orlando Magic,Phoenix Suns,Orlando Magic,Orlando Magic,5.0,11.2,6.199999999999999,True,115.0,110.0,114.9,103.7
2024-12-08,San Antonio Spurs,New Orleans Pelicans,San Antonio Spurs,San Antonio Spurs,5.0,11.9,6.9,True,121.0,116.0,124.8,112.9,2024-12-08,San Antonio Spurs,New Orleans Pelicans,San Antonio Spurs,San Antonio Spurs,5.0,13.1,8.1,True,121.0,116.0,123.8,110.7
2024-12-08,Atlanta Hawks,Denver Nuggets,Denver Nuggets,Denver Nuggets,30.0,14.8,15.2,True,111.0,141.0,118.3,133.1,2024-12-08,Atlanta Hawks,Denver Nuggets,Denver Nuggets,Denver Nuggets,30.0,9.2,20.8,True,111.0,141.0,117.3,126.5
2024-12-08,Chicago Bulls,Philadelphia 76ers,Philadelphia 76ers,Philadelphia 76ers,8.0,7.8,0.20000000000000018,True,100.0,108.0,102.9,110.7,2024-12-08,Chicago Bulls,Philadelphia 76ers,Philadelphia 76ers,Philadelphia 76ers,8.0,9.3,1.3000000000000007,True,100.0,108.0,117.3,126.6
2024-12-08,Indiana Pacers,Charlotte Hornets,Charlotte Hornets,Indiana Pacers,4.0,3.7,0.2999999999999998,False,109.0,113.0,116.4,112.8,2024-12-08,Indiana Pacers,Charlotte Hornets,Charlotte Hornets,Indiana Pacers,4.0,4.6,0.5999999999999996,False,109.0,113.0,120.0,115.4
2024-12-07,New York Knicks,Detroit Pistons,Detroit Pistons,New York Knicks,9.0,6.0,3.0,False,111.0,120.0,121.8,115.8,2024-12-07,New York Knicks,Detroit Pistons,Detroit Pistons,New York Knicks,9.0,8.4,0.5999999999999996,False,111.0,120.0,125.4,116.9
2024-12-07,Charlotte Hornets,Cleveland Cavaliers,Cleveland Cavaliers,Cleveland Cavaliers,14.0,7.1,6.9,True,102.0,116.0,102.0,109.1,2024-12-07,Charlotte Hornets,Cleveland Cavaliers,Cleveland Cavaliers,Cleveland Cavaliers,14.0,5.0,9.0,True,102.0,116.0,102.2,107.3
2024-12-07,New Orleans Pelicans,Oklahoma City Thunder,Oklahoma City Thunder,Oklahoma City Thunder,10.0,13.9,3.9000000000000004,True,109.0,119.0,105.0,118.8,2024-12-07,New Orleans Pelicans,Oklahoma City Thunder,Oklahoma City Thunder,Oklahoma City Thunder,10.0,11.4,1.4000000000000004,True,109.0,119.0,106.9,118.3
2024-12-07,Washington Wizards,Denver Nuggets,Washington Wizards,Denver Nuggets,9.0,15.8,6.800000000000001,False,122.0,113.0,109.5,125.4,2024-12-07,Washington Wizards,Denver Nuggets,Washington Wizards,Denver Nuggets,9.0,20.4,11.399999999999999,False,122.0,113.0,101.1,121.4
2024-12-07,Boston Celtics,Memphis Grizzlies,Memphis Grizzlies,Boston Celtics,6.0,6.2,0.20000000000000018,False,121.0,127.0,125.8,119.6,2024-12-07,Boston Celtics,Memphis Grizzlies,Memphis Grizzlies,Boston Celtics,6.0,11.4,5.4,False,121.0,127.0,125.1,113.7
2024-12-07,Toronto Raptors,Dallas Mavericks,Dallas Mavericks,Dallas Mavericks,7.0,5.3,1.7000000000000002,True,118.0,125.0,119.1,124.4,2024-12-07,Toronto Raptors,Dallas Mavericks,Dallas Mavericks,Dallas Mavericks,7.0,1.1,5.9,True,118.0,125.0,121.5,122.6
2024-12-07,Miami Heat,Phoenix Suns,Miami Heat,Miami Heat,10.0,10.8,0.8000000000000007,True,121.0,111.0,123.1,112.3,2024-12-07,Miami Heat,Phoenix Suns,Miami Heat,Miami Heat,10.0,7.2,2.8,True,121.0,111.0,121.6,114.5
2024-12-06,San Antonio Spurs,Sacramento Kings,Sacramento Kings,Sacramento Kings,27.0,15.5,11.5,True,113.0,140.0,113.4,128.9,2024-12-06,San Antonio Spurs,Sacramento Kings,Sacramento Kings,Sacramento Kings,27.0,6.5,20.5,True,113.0,140.0,112.7,119.2
2024-12-06,Philadelphia 76ers,Orlando Magic,Philadelphia 76ers,Philadelphia 76ers,8.0,2.7,5.3,True,102.0,94.0,102.9,100.2,2024-12-06,Philadelphia 76ers,Orlando Magic,Philadelphia 76ers,Orlando Magic,8.0,0.8,7.2,False,102.0,94.0,100.3,101.0
2024-12-06,Atlanta Hawks,Los Angeles Lakers,Atlanta Hawks,Atlanta Hawks,2.0,1.7,0.30000000000000004,True,134.0,132.0,125.7,124.0,2024-12-06,Atlanta Hawks,Los Angeles Lakers,Atlanta Hawks,Atlanta Hawks,2.0,1.8,0.19999999999999996,True,134.0,132.0,117.5,115.7
2024-12-06,Boston Celtics,Milwaukee Bucks,Boston Celtics,Boston Celtics,6.0,13.3,7.300000000000001,True,111.0,105.0,115.0,101.7,2024-12-06,Boston Celtics,Milwaukee Bucks,Boston Celtics,Boston Celtics,6.0,15.9,9.9,True,111.0,105.0,120.4,104.5
2024-12-06,Chicago Bulls,Indiana Pacers,Indiana Pacers,Indiana Pacers,9.0,1.7,7.3,True,123.0,132.0,123.5,125.2,2024-12-06,Chicago Bulls,Indiana Pacers,Indiana Pacers,Chicago Bulls,9.0,3.9,5.1,False,123.0,132.0,129.1,125.2
2024-12-06,Golden State Warriors,Minnesota Timberwolves,Minnesota Timberwolves,Minnesota Timberwolves,17.0,6.9,10.1,True,90.0,107.0,98.5,105.4,2024-12-06,Golden State Warriors,Minnesota Timberwolves,Minnesota Timberwolves,Golden State Warriors,17.0,1.1,15.9,False,90.0,107.0,102.8,101.7
2024-12-06,Portland Trail Blazers,Utah Jazz,Utah Jazz,Utah Jazz,42.0,19.4,22.6,True,99.0,141.0,110.4,129.8,2024-12-06,Portland Trail Blazers,Utah Jazz,Utah Jazz,Utah Jazz,42.0,2.5,39.5,True,99.0,141.0,118.0,120.5
2024-12-05,Memphis Grizzlies,Sacramento Kings,Memphis Grizzlies,Memphis Grizzlies,5.0,6.7,1.7000000000000002,True,115.0,110.0,117.9,111.2,2024-12-05,Memphis Grizzlies,Sacramento Kings,Memphis Grizzlies,Memphis Grizzlies,5.0,13.1,8.1,True,115.0,110.0,122.2,109.1
2024-12-05,Golden State Warriors,Houston Rockets,Golden State Warriors,Golden State Warriors,6.0,3.5,2.5,True,99.0,93.0,102.8,99.4,2024-12-05,Golden State Warriors,Houston Rockets,Golden State Warriors,Golden State Warriors,6.0,2.7,3.3,True,99.0,93.0,112.7,110.0
2024-12-05,San Antonio Spurs,Chicago Bulls,Chicago Bulls,Chicago Bulls,15.0,1.4,13.6,True,124.0,139.0,125.9,127.3,2024-12-05,San Antonio Spurs,Chicago Bulls,Chicago Bulls,San Antonio Spurs,15.0,2.2,12.8,False,124.0,139.0,127.0,124.9
2024-12-05,New Orleans Pelicans,Phoenix Suns,New Orleans Pelicans,Phoenix Suns,2.0,2.7,0.7000000000000002,False,126.0,124.0,119.5,122.2,2024-12-05,New Orleans Pelicans,Phoenix Suns,New Orleans Pelicans,Phoenix Suns,2.0,1.5,0.5,False,126.0,124.0,109.8,111.4
2024-12-05,Cleveland Cavaliers,Denver Nuggets,Cleveland Cavaliers,Cleveland Cavaliers,12.0,8.0,4.0,True,126.0,114.0,127.6,119.6,2024-12-05,Cleveland Cavaliers,Denver Nuggets,Cleveland Cavaliers,Cleveland Cavaliers,12.0,8.3,3.6999999999999993,True,126.0,114.0,128.1,119.8
2024-12-05,New York Knicks,Charlotte Hornets,New York Knicks,New York Knicks,24.0,18.5,5.5,True,125.0,101.0,123.5,105.0,2024-12-05,New York Knicks,Charlotte Hornets,New York Knicks,New York Knicks,24.0,15.8,8.2,True,125.0,101.0,126.6,110.8
2024-12-05,Washington Wizards,Dallas Mavericks,Dallas Mavericks,Dallas Mavericks,36.0,21.1,14.899999999999999,True,101.0,137.0,107.7,128.8,2024-12-05,Washington Wizards,Dallas Mavericks,Dallas Mavericks,Dallas Mavericks,36.0,15.7,20.3,True,101.0,137.0,104.2,119.9
2024-12-05,Toronto Raptors,Oklahoma City Thunder,Oklahoma City Thunder,Oklahoma City Thunder,37.0,17.4,19.6,True,92.0,129.0,103.9,121.3,2024-12-05,Toronto Raptors,Oklahoma City Thunder,Oklahoma City Thunder,Oklahoma City Thunder,37.0,7.6,29.4,True,92.0,129.0,111.5,119.0
2024-12-04,Miami Heat,Los Angeles Lakers,Miami Heat,Miami Heat,41.0,22.3,18.7,True,134.0,93.0,122.0,99.7,2024-12-04,Miami Heat,Los Angeles Lakers,Miami Heat,Miami Heat,41.0,11.1,29.9,True,134.0,93.0,115.7,104.6
2024-12-04,Milwaukee Bucks,Atlanta Hawks,Atlanta Hawks,Atlanta Hawks,15.0,0.4,14.6,True,104.0,119.0,108.8,109.2,2024-12-04,Milwaukee Bucks,Atlanta Hawks,Atlanta Hawks,Milwaukee Bucks,15.0,6.5,8.5,False,104.0,119.0,119.6,113.1
2024-12-04,Boston Celtics,Detroit Pistons,Boston Celtics,Boston Celtics,10.0,14.7,4.699999999999999,True,130.0,120.0,121.9,107.1,2024-12-04,Boston Celtics,Detroit Pistons,Boston Celtics,Boston Celtics,10.0,13.8,3.8000000000000007,True,130.0,120.0,119.2,105.4
2024-12-04,Brooklyn Nets,Indiana Pacers,Brooklyn Nets,Brooklyn Nets,9.0,3.5,5.5,True,99.0,90.0,103.6,100.0,2024-12-04,Brooklyn Nets,Indiana Pacers,Brooklyn Nets,Indiana Pacers,9.0,3.1,5.9,False,99.0,90.0,104.5,107.5
2024-12-04,Los Angeles Clippers,Minnesota Timberwolves,Minnesota Timberwolves,Minnesota Timberwolves,28.0,7.8,20.2,True,80.0,108.0,94.4,102.2,2024-12-04,Los Angeles Clippers,Minnesota Timberwolves,Minnesota Timberwolves,Los Angeles Clippers,28.0,5.4,22.6,False,80.0,108.0,105.8,100.4
2024-12-04,Philadelphia 76ers,Orlando Magic,Orlando Magic,Orlando Magic,4.0,1.1,2.9,True,102.0,106.0,102.1,103.2,2024-12-04,Philadelphia 76ers,Orlando Magic,Orlando Magic,Orlando Magic,4.0,3.3,0.7000000000000002,True,102.0,106.0,99.6,102.8
2024-12-03,Denver Nuggets,Golden State Warriors,Denver Nuggets,Denver Nuggets,4.0,2.2,1.7999999999999998,True,119.0,115.0,116.4,114.2,2024-12-03,Denver Nuggets,Golden State Warriors,Denver Nuggets,Golden State Warriors,4.0,7.7,3.7,False,119.0,115.0,119.6,127.3
2024-12-03,Oklahoma City Thunder,Utah Jazz,Oklahoma City Thunder,Oklahoma City Thunder,27.0,22.3,4.699999999999999,True,133.0,106.0,130.0,107.7,2024-12-03,Oklahoma City Thunder,Utah Jazz,Oklahoma City Thunder,Oklahoma City Thunder,27.0,9.4,17.6,True,133.0,106.0,122.5,113.1
2024-12-03,Los Angeles Clippers,Portland Trail Blazers,Los Angeles Clippers,Los Angeles Clippers,22.0,14.9,7.1,True,127.0,105.0,120.3,105.4,2024-12-03,Los Angeles Clippers,Portland Trail Blazers,Los Angeles Clippers,Los Angeles Clippers,22.0,12.4,9.6,True,127.0,105.0,115.9,103.6
2024-12-03,Sacramento Kings,Houston Rockets,Sacramento Kings,Houston Rockets,9.0,0.4,8.6,False,120.0,111.0,113.5,113.9,2024-12-03,Sacramento Kings,Houston Rockets,Sacramento Kings,Houston Rockets,9.0,4.0,5.0,False,120.0,111.0,109.8,113.8
2024-12-03,Phoenix Suns,San Antonio Spurs,Phoenix Suns,Phoenix Suns,11.0,5.0,6.0,True,104.0,93.0,106.8,101.8,2024-12-03,Phoenix Suns,San Antonio Spurs,Phoenix Suns,Phoenix Suns,11.0,4.5,6.5,True,104.0,93.0,123.6,119.0
2024-12-03,Dallas Mavericks,Memphis Grizzlies,Dallas Mavericks,Dallas Mavericks,5.0,5.7,0.7000000000000002,True,121.0,116.0,122.7,117.0,2024-12-03,Dallas Mavericks,Memphis Grizzlies,Dallas Mavericks,Dallas Mavericks,5.0,6.6,1.5999999999999996,True,121.0,116.0,123.8,117.3
2024-12-03,Toronto Raptors,Indiana Pacers,Toronto Raptors,Toronto Raptors,11.0,10.8,0.1999999999999993,True,122.0,111.0,126.7,115.9,2024-12-03,Toronto Raptors,Indiana Pacers,Toronto Raptors,Toronto Raptors,11.0,9.5,1.5,True,122.0,111.0,128.4,118.9
2024-12-03,New York Knicks,Orlando Magic,New York Knicks,New York Knicks,15.0,9.8,5.199999999999999,True,121.0,106.0,115.4,105.7,2024-12-03,New York Knicks,Orlando Magic,New York Knicks,New York Knicks,15.0,9.5,5.5,True,121.0,106.0,112.8,103.3
2024-12-03,Detroit Pistons,Milwaukee Bucks,Milwaukee Bucks,Milwaukee Bucks,21.0,10.7,10.3,True,107.0,128.0,110.8,121.5,2024-12-03,Detroit Pistons,Milwaukee Bucks,Milwaukee Bucks,Milwaukee Bucks,21.0,3.8,17.2,True,107.0,128.0,108.6,112.4
2024-12-03,Charlotte Hornets,Philadelphia 76ers,Philadelphia 76ers,Philadelphia 76ers,6.0,6.5,0.5,True,104.0,110.0,102.1,108.7,2024-12-03,Charlotte Hornets,Philadelphia 76ers,Philadelphia 76ers,Charlotte Hornets,6.0,3.1,2.9,False,104.0,110.0,101.0,97.8
2024-12-03,Cleveland Cavaliers,Washington Wizards,Cleveland Cavaliers,Cleveland Cavaliers,31.0,19.6,11.399999999999999,True,118.0,87.0,122.1,102.4,2024-12-03,Cleveland Cavaliers,Washington Wizards,Cleveland Cavaliers,Cleveland Cavaliers,31.0,18.3,12.7,True,118.0,87.0,128.3,110.0
2024-12-02,Minnesota Timberwolves,Los Angeles Lakers,Minnesota Timberwolves,Minnesota Timberwolves,29.0,14.0,15.0,True,109.0,80.0,103.8,89.8,2024-12-02,Minnesota Timberwolves,Los Angeles Lakers,Minnesota Timberwolves,Minnesota Timberwolves,29.0,3.9,25.1,True,109.0,80.0,105.0,101.1
2024-12-02,Chicago Bulls,Brooklyn Nets,Chicago Bulls,Chicago Bulls,26.0,8.3,17.7,True,128.0,102.0,124.4,116.1,2024-12-02,Chicago Bulls,Brooklyn Nets,Chicago Bulls,Brooklyn Nets,26.0,4.7,21.3,False,128.0,102.0,124.6,129.3
2024-12-02,Boston Celtics,Miami Heat,Boston Celtics,Boston Celtics,19.0,13.1,5.9,True,108.0,89.0,108.7,95.5,2024-12-02,Boston Celtics,Miami Heat,Boston Celtics,Boston Celtics,19.0,8.6,10.4,True,108.0,89.0,111.1,102.5
2024-12-02,Atlanta Hawks,New Orleans Pelicans,Atlanta Hawks,Atlanta Hawks,12.0,11.6,0.40000000000000036,True,124.0,112.0,122.0,110.4,2024-12-02,Atlanta Hawks,New Orleans Pelicans,Atlanta Hawks,Atlanta Hawks,12.0,9.6,2.4000000000000004,True,124.0,112.0,119.8,110.1
2024-12-01,Portland Trail Blazers,Dallas Mavericks,Dallas Mavericks,Dallas Mavericks,6.0,8.8,2.8000000000000007,True,131.0,137.0,117.8,126.6,2024-12-01,Portland Trail Blazers,Dallas Mavericks,Dallas Mavericks,Dallas Mavericks,6.0,0.5,5.5,True,131.0,137.0,113.2,113.8
2024-12-01,Utah Jazz,Los Angeles Lakers,Los Angeles Lakers,Los Angeles Lakers,1.0,5.0,4.0,True,104.0,105.0,102.1,107.1,2024-12-01,Utah Jazz,Los Angeles Lakers,Los Angeles Lakers,Utah Jazz,1.0,2.5,1.5,False,104.0,105.0,109.2,106.7
2024-12-01,New York Knicks,New Orleans Pelicans,New York Knicks,New York Knicks,33.0,22.8,10.2,True,118.0,85.0,119.8,97.0,2024-12-01,New York Knicks,New Orleans Pelicans,New York Knicks,New York Knicks,33.0,25.3,7.699999999999999,True,118.0,85.0,123.7,98.4
2024-12-01,Los Angeles Clippers,Denver Nuggets,Los Angeles Clippers,Los Angeles Clippers,4.0,1.6,2.4,True,126.0,122.0,122.0,120.3,2024-12-01,Los Angeles Clippers,Denver Nuggets,Los Angeles Clippers,Denver Nuggets,4.0,0.3,3.7,False,126.0,122.0,107.4,107.7
2024-12-01,Toronto Raptors,Miami Heat,Toronto Raptors,Toronto Raptors,3.0,1.6,1.4,True,119.0,116.0,116.4,114.9,2024-12-01,Toronto Raptors,Miami Heat,Toronto Raptors,Toronto Raptors,3.0,2.6,0.3999999999999999,True,119.0,116.0,115.5,112.9
2024-12-01,Houston Rockets,Oklahoma City Thunder,Houston Rockets,Houston Rockets,3.0,1.1,1.9,True,119.0,116.0,111.7,110.7,2024-12-01,Houston Rockets,Oklahoma City Thunder,Houston Rockets,Houston Rockets,3.0,5.8,2.8,True,119.0,116.0,106.6,100.8
2024-12-01,Cleveland Cavaliers,Boston Celtics,Cleveland Cavaliers,Cleveland Cavaliers,4.0,3.7,0.2999999999999998,True,115.0,111.0,119.9,116.2,2024-12-01,Cleveland Cavaliers,Boston Celtics,Cleveland Cavaliers,Cleveland Cavaliers,4.0,2.8,1.2000000000000002,True,115.0,111.0,122.6,119.8
2024-12-01,Sacramento Kings,San Antonio Spurs,San Antonio Spurs,Sacramento Kings,2.0,4.4,2.4000000000000004,False,125.0,127.0,121.5,117.0,2024-12-01,Sacramento Kings,San Antonio Spurs,San Antonio Spurs,Sacramento Kings,2.0,0.9,1.1,False,125.0,127.0,115.5,114.6
2024-12-01,Brooklyn Nets,Orlando Magic,Orlando Magic,Orlando Magic,8.0,8.1,0.09999999999999964,True,92.0,100.0,99.3,107.4,2024-12-01,Brooklyn Nets,Orlando Magic,Orlando Magic,Orlando Magic,8.0,3.1,4.9,True,92.0,100.0,101.3,104.4
2024-12-01,Memphis Grizzlies,Indiana Pacers,Memphis Grizzlies,Memphis Grizzlies,15.0,13.0,2.0,True,136.0,121.0,131.9,118.9,2024-12-01,Memphis Grizzlies,Indiana Pacers,Memphis Grizzlies,Memphis Grizzlies,15.0,11.3,3.6999999999999993,True,136.0,121.0,131.3,119.9
2024-11-30,Utah Jazz,Dallas Mavericks,Dallas Mavericks,Dallas Mavericks,12.0,12.4,0.40000000000000036,True,94.0,106.0,102.3,114.7,2024-11-30,Utah Jazz,Dallas Mavericks,Dallas Mavericks,Dallas Mavericks,12.0,4.1,7.9,True,94.0,106.0,113.2,117.3
2024-11-30,Phoenix Suns,Golden State Warriors,Phoenix Suns,Phoenix Suns,8.0,8.5,0.5,True,113.0,105.0,111.2,102.7,2024-11-30,Phoenix Suns,Golden State Warriors,Phoenix Suns,Phoenix Suns,8.0,4.7,3.3,True,113.0,105.0,111.1,106.4
2024-11-30,Milwaukee Bucks,Washington Wizards,Milwaukee Bucks,Milwaukee Bucks,10.0,15.7,5.699999999999999,True,124.0,114.0,123.4,107.7,2024-11-30,Milwaukee Bucks,Washington Wizards,Milwaukee Bucks,Milwaukee Bucks,10.0,14.2,4.199999999999999,True,124.0,114.0,125.1,110.9
2024-11-30,Detroit Pistons,Philadelphia 76ers,Philadelphia 76ers,Philadelphia 76ers,15.0,8.1,6.9,True,96.0,111.0,102.0,110.0,2024-11-30,Detroit Pistons,Philadelphia 76ers,Philadelphia 76ers,Philadelphia 76ers,15.0,0.5,14.5,True,96.0,111.0,105.2,105.7
2024-11-30,Charlotte Hornets,Atlanta Hawks,Atlanta Hawks,Atlanta Hawks,3.0,1.4,1.6,True,104.0,107.0,106.7,108.1,2024-11-30,Charlotte Hornets,Atlanta Hawks,Atlanta Hawks,Charlotte Hornets,3.0,7.2,4.2,False,104.0,107.0,115.3,108.1
2024-11-29,Minnesota Timberwolves,Los Angeles Clippers,Minnesota Timberwolves,Minnesota Timberwolves,1.0,0.6,0.4,True,93.0,92.0,101.7,101.0,2024-11-29,Minnesota Timberwolves,Los Angeles Clippers,Minnesota Timberwolves,Minnesota Timberwolves,1.0,0.2,0.8,True,93.0,92.0,109.0,108.8
2024-11-29,Brooklyn Nets,Orlando Magic,Orlando Magic,Orlando Magic,23.0,13.2,9.8,True,100.0,123.0,99.8,113.0,2024-11-29,Brooklyn Nets,Orlando Magic,Orlando Magic,Orlando Magic,23.0,4.5,18.5,True,100.0,123.0,103.8,108.3
2024-11-29,Los Angeles Lakers,Oklahoma City Thunder,Oklahoma City Thunder,Oklahoma City Thunder,8.0,9.5,1.5,True,93.0,101.0,102.1,111.6,2024-11-29,Los Angeles Lakers,Oklahoma City Thunder,Oklahoma City Thunder,Oklahoma City Thunder,8.0,12.6,4.6,True,93.0,101.0,108.8,121.4
2024-11-29,Miami Heat,Toronto Raptors,Miami Heat,Miami Heat,10.0,5.3,4.7,True,121.0,111.0,115.7,110.4,2024-11-29,Miami Heat,Toronto Raptors,Miami Heat,Miami Heat,10.0,9.9,0.09999999999999964,True,121.0,111.0,110.2,100.3
2024-11-29,Chicago Bulls,Boston Celtics,Boston Celtics,Boston Celtics,9.0,11.8,2.8000000000000007,True,129.0,138.0,120.5,132.3,2024-11-29,Chicago Bulls,Boston Celtics,Boston Celtics,Boston Celtics,9.0,16.8,7.800000000000001,True,129.0,138.0,108.8,125.7
2024-11-29,Memphis Grizzlies,New Orleans Pelicans,Memphis Grizzlies,Memphis Grizzlies,11.0,18.4,7.399999999999999,True,120.0,109.0,121.8,103.4,2024-11-29,Memphis Grizzlies,New Orleans Pelicans,Memphis Grizzlies,Memphis Grizzlies,11.0,22.8,11.8,True,120.0,109.0,125.4,102.5
2024-11-29,Portland Trail Blazers,Sacramento Kings,Portland Trail Blazers,Portland Trail Blazers,9.0,1.7,7.3,True,115.0,106.0,108.0,106.3,2024-11-29,Portland Trail Blazers,Sacramento Kings,Portland Trail Blazers,Portland Trail Blazers,9.0,3.1,5.9,True,115.0,106.0,104.3,101.2
2024-11-29,Indiana Pacers,Detroit Pistons,Detroit Pistons,Detroit Pistons,24.0,8.9,15.1,True,106.0,130.0,111.0,119.9,2024-11-29,Indiana Pacers,Detroit Pistons,Detroit Pistons,Detroit Pistons,24.0,0.9,23.1,True,106.0,130.0,113.3,114.3
2024-11-29,Charlotte Hornets,New York Knicks,New York Knicks,New York Knicks,1.0,1.2,0.19999999999999996,True,98.0,99.0,100.1,101.3,2024-11-29,Charlotte Hornets,New York Knicks,New York Knicks,Charlotte Hornets,1.0,2.6,1.6,False,98.0,99.0,113.0,110.4
2024-11-29,Atlanta Hawks,Cleveland Cavaliers,Atlanta Hawks,Cleveland Cavaliers,16.0,5.2,10.8,False,117.0,101.0,115.7,120.8,2024-11-29,Atlanta Hawks,Cleveland Cavaliers,Atlanta Hawks,Cleveland Cavaliers,16.0,4.0,12.0,False,117.0,101.0,117.8,121.8
2024-11-27,Dallas Mavericks,New York Knicks,Dallas Mavericks,Dallas Mavericks,15.0,10.5,4.5,True,129.0,114.0,124.6,114.1,2024-11-27,Dallas Mavericks,New York Knicks,Dallas Mavericks,Dallas Mavericks,15.0,5.9,9.1,True,129.0,114.0,117.7,111.8
2024-11-27,Washington Wizards,Los Angeles Clippers,Los Angeles Clippers,Los Angeles Clippers,25.0,20.6,4.399999999999999,True,96.0,121.0,104.2,124.8,2024-11-27,Washington Wizards,Los Angeles Clippers,Los Angeles Clippers,Los Angeles Clippers,25.0,19.4,5.600000000000001,True,96.0,121.0,101.1,120.4
2024-11-27,Philadelphia 76ers,Houston Rockets,Houston Rockets,Houston Rockets,7.0,11.7,4.699999999999999,True,115.0,122.0,108.4,120.1,2024-11-27,Philadelphia 76ers,Houston Rockets,Houston Rockets,Houston Rockets,7.0,16.9,9.899999999999999,True,115.0,122.0,96.6,113.5
2024-11-27,Orlando Magic,Chicago Bulls,Orlando Magic,Orlando Magic,14.0,10.9,3.0999999999999996,True,133.0,119.0,127.9,116.9,2024-11-27,Orlando Magic,Chicago Bulls,Orlando Magic,Orlando Magic,14.0,8.1,5.9,True,133.0,119.0,113.2,105.1
2024-11-27,Indiana Pacers,Portland Trail Blazers,Indiana Pacers,Indiana Pacers,7.0,7.2,0.20000000000000018,True,121.0,114.0,118.3,111.1,2024-11-27,Indiana Pacers,Portland Trail Blazers,Indiana Pacers,Indiana Pacers,7.0,9.8,2.8000000000000007,True,121.0,114.0,114.5,104.7
2024-11-27,Cleveland Cavaliers,Atlanta Hawks,Atlanta Hawks,Cleveland Cavaliers,11.0,4.3,6.7,False,124.0,135.0,123.3,119.0,2024-11-27,Cleveland Cavaliers,Atlanta Hawks,Atlanta Hawks,Cleveland Cavaliers,11.0,12.4,1.4000000000000004,False,124.0,135.0,126.8,114.4
2024-11-27,Charlotte Hornets,Miami Heat,Miami Heat,Miami Heat,4.0,4.6,0.5999999999999996,True,94.0,98.0,98.8,103.3,2024-11-27,Charlotte Hornets,Miami Heat,Miami Heat,Charlotte Hornets,4.0,6.4,2.4000000000000004,False,94.0,98.0,106.2,99.8
2024-11-27,Utah Jazz,Denver Nuggets,Denver Nuggets,Denver Nuggets,19.0,15.0,4.0,True,103.0,122.0,104.4,119.4,2024-11-27,Utah Jazz,Denver Nuggets,Denver Nuggets,Denver Nuggets,19.0,11.9,7.1,True,103.0,122.0,104.3,116.2
2024-11-27,Phoenix Suns,Brooklyn Nets,Brooklyn Nets,Phoenix Suns,10.0,4.7,5.3,False,117.0,127.0,121.1,116.4,2024-11-27,Phoenix Suns,Brooklyn Nets,Brooklyn Nets,Brooklyn Nets,10.0,3.8,6.2,True,117.0,127.0,116.9,120.7
2024-11-27,San Antonio Spurs,Los Angeles Lakers,Los Angeles Lakers,San Antonio Spurs,18.0,1.6,16.4,False,101.0,119.0,113.6,112.0,2024-11-27,San Antonio Spurs,Los Angeles Lakers,Los Angeles Lakers,San Antonio Spurs,18.0,3.0,15.0,False,101.0,119.0,119.0,116.0
2024-11-27,New Orleans Pelicans,Toronto Raptors,Toronto Raptors,Toronto Raptors,26.0,12.5,13.5,True,93.0,119.0,99.7,112.2,2024-11-27,New Orleans Pelicans,Toronto Raptors,Toronto Raptors,New Orleans Pelicans,26.0,0.9,25.1,False,93.0,119.0,104.3,103.4
2024-11-27,Minnesota Timberwolves,Sacramento Kings,Sacramento Kings,Sacramento Kings,11.0,1.5,9.5,True,104.0,115.0,107.0,108.5,2024-11-27,Minnesota Timberwolves,Sacramento Kings,Sacramento Kings,Minnesota Timberwolves,11.0,8.4,2.5999999999999996,False,104.0,115.0,110.4,101.9
2024-11-27,Golden State Warriors,Oklahoma City Thunder,Oklahoma City Thunder,Oklahoma City Thunder,4.0,3.1,0.8999999999999999,True,101.0,105.0,103.7,106.7,2024-11-27,Golden State Warriors,Oklahoma City Thunder,Oklahoma City Thunder,Golden State Warriors,4.0,3.1,0.8999999999999999,False,101.0,105.0,109.5,106.5
2024-11-27,Memphis Grizzlies,Detroit Pistons,Memphis Grizzlies,Memphis Grizzlies,20.0,11.0,9.0,True,131.0,111.0,120.8,109.8,2024-11-27,Memphis Grizzlies,Detroit Pistons,Memphis Grizzlies,Memphis Grizzlies,20.0,11.6,8.4,True,131.0,111.0,114.5,102.8
2024-11-26,Phoenix Suns,Los Angeles Lakers,Phoenix Suns,Phoenix Suns,27.0,11.8,15.2,True,127.0,100.0,122.1,110.3,2024-11-26,Phoenix Suns,Los Angeles Lakers,Phoenix Suns,Phoenix Suns,27.0,3.1,23.9,True,127.0,100.0,124.7,121.6
2024-11-26,Utah Jazz,San Antonio Spurs,San Antonio Spurs,San Antonio Spurs,13.0,7.1,5.9,True,115.0,128.0,112.8,119.9,2024-11-26,Utah Jazz,San Antonio Spurs,San Antonio Spurs,Utah Jazz,13.0,2.4,10.6,False,115.0,128.0,106.5,104.1
2024-11-26,Miami Heat,Milwaukee Bucks,Milwaukee Bucks,Miami Heat,3.0,2.1,0.8999999999999999,False,103.0,106.0,106.9,104.8,2024-11-26,Miami Heat,Milwaukee Bucks,Milwaukee Bucks,Miami Heat,3.0,2.9,0.10000000000000009,False,103.0,106.0,112.0,109.1
2024-11-26,Washington Wizards,Chicago Bulls,Chicago Bulls,Chicago Bulls,19.0,12.7,6.300000000000001,True,108.0,127.0,111.5,124.2,2024-11-26,Washington Wizards,Chicago Bulls,Chicago Bulls,Chicago Bulls,19.0,7.8,11.2,True,108.0,127.0,112.6,120.4
2024-11-26,Minnesota Timberwolves,Houston Rockets,Houston Rockets,Minnesota Timberwolves,6.0,0.1,5.9,False,111.0,117.0,111.0,111.0,2024-11-26,Minnesota Timberwolves,Houston Rockets,Houston Rockets,Minnesota Timberwolves,6.0,4.3,1.7000000000000002,False,111.0,117.0,108.8,104.5
2024-11-25,Sacramento Kings,Oklahoma City Thunder,Oklahoma City Thunder,Oklahoma City Thunder,21.0,16.7,4.300000000000001,True,109.0,130.0,105.6,122.3,2024-11-25,Sacramento Kings,Oklahoma City Thunder,Oklahoma City Thunder,Oklahoma City Thunder,21.0,11.1,9.9,True,109.0,130.0,107.6,118.7
2024-11-25,Memphis Grizzlies,Portland Trail Blazers,Memphis Grizzlies,Memphis Grizzlies,25.0,14.8,10.2,True,123.0,98.0,119.0,104.2,2024-11-25,Memphis Grizzlies,Portland Trail Blazers,Memphis Grizzlies,Memphis Grizzlies,25.0,18.5,6.5,True,123.0,98.0,119.4,100.9
2024-11-25,Denver Nuggets,New York Knicks,New York Knicks,New York Knicks,27.0,10.7,16.3,True,118.0,145.0,121.2,131.9,2024-11-25,Denver Nuggets,New York Knicks,New York Knicks,New York Knicks,27.0,1.7,25.3,True,118.0,145.0,120.2,121.9
2024-11-25,Golden State Warriors,Brooklyn Nets,Brooklyn Nets,Brooklyn Nets,8.0,0.8,7.2,True,120.0,128.0,121.6,122.4,2024-11-25,Golden State Warriors,Brooklyn Nets,Brooklyn Nets,Golden State Warriors,8.0,9.2,1.1999999999999993,False,120.0,128.0,110.3,101.1
2024-11-25,Boston Celtics,Los Angeles Clippers,Boston Celtics,Boston Celtics,32.0,16.2,15.8,True,126.0,94.0,122.8,106.6,2024-11-25,Boston Celtics,Los Angeles Clippers,Boston Celtics,Boston Celtics,32.0,5.8,26.2,True,126.0,94.0,122.0,116.1
2024-11-25,Atlanta Hawks,Dallas Mavericks,Dallas Mavericks,Dallas Mavericks,10.0,13.4,3.4000000000000004,True,119.0,129.0,117.3,130.7,2024-11-25,Atlanta Hawks,Dallas Mavericks,Dallas Mavericks,Dallas Mavericks,10.0,5.4,4.6,True,119.0,129.0,118.1,123.5
2024-11-25,Charlotte Hornets,Orlando Magic,Orlando Magic,Orlando Magic,11.0,8.9,2.0999999999999996,True,84.0,95.0,95.0,104.0,2024-11-25,Charlotte Hornets,Orlando Magic,Orlando Magic,Charlotte Hornets,11.0,7.7,3.3,False,84.0,95.0,104.0,96.3
2024-11-25,Detroit Pistons,Toronto Raptors,Detroit Pistons,Detroit Pistons,2.0,3.8,1.7999999999999998,True,102.0,100.0,105.1,101.3,2024-11-25,Detroit Pistons,Toronto Raptors,Detroit Pistons,Detroit Pistons,2.0,8.0,6.0,True,102.0,100.0,117.8,109.8
2024-11-25,Indiana Pacers,New Orleans Pelicans,Indiana Pacers,Indiana Pacers,4.0,13.2,9.2,True,114.0,110.0,119.0,105.8,2024-11-25,Indiana Pacers,New Orleans Pelicans,Indiana Pacers,Indiana Pacers,4.0,14.5,10.5,True,114.0,110.0,117.8,103.3
2024-11-24,Indiana Pacers,Washington Wizards,Indiana Pacers,Indiana Pacers,12.0,11.1,0.9000000000000004,True,115.0,103.0,120.4,109.3,2024-11-24,Indiana Pacers,Washington Wizards,Indiana Pacers,Indiana Pacers,12.0,10.1,1.9000000000000004,True,115.0,103.0,127.0,116.9
2024-11-24,Philadelphia 76ers,Los Angeles Clippers,Los Angeles Clippers,Los Angeles Clippers,26.0,18.3,7.699999999999999,True,99.0,125.0,102.5,120.7,2024-11-24,Philadelphia 76ers,Los Angeles Clippers,Los Angeles Clippers,Los Angeles Clippers,26.0,12.7,13.3,True,99.0,125.0,100.3,113.0
2024-11-24,Miami Heat,Dallas Mavericks,Miami Heat,Miami Heat,5.0,3.6,1.4,True,123.0,118.0,121.5,117.8,2024-11-24,Miami Heat,Dallas Mavericks,Miami Heat,Dallas Mavericks,5.0,3.4,1.6,False,123.0,118.0,112.9,116.2
2024-11-24,Cleveland Cavaliers,Toronto Raptors,Cleveland Cavaliers,Cleveland Cavaliers,14.0,11.3,2.6999999999999993,True,122.0,108.0,122.0,110.6,2024-11-24,Cleveland Cavaliers,Toronto Raptors,Cleveland Cavaliers,Cleveland Cavaliers,14.0,16.3,2.3000000000000007,True,122.0,108.0,125.4,109.1
2024-11-24,Boston Celtics,Minnesota Timberwolves,Boston Celtics,Boston Celtics,2.0,4.0,2.0,True,107.0,105.0,108.5,104.5,2024-11-24,Boston Celtics,Minnesota Timberwolves,Boston Celtics,Boston Celtics,2.0,1.5,0.5,True,107.0,105.0,121.6,120.1
2024-11-24,Sacramento Kings,Brooklyn Nets,Brooklyn Nets,Brooklyn Nets,5.0,1.1,3.9,True,103.0,108.0,111.6,112.7,2024-11-24,Sacramento Kings,Brooklyn Nets,Brooklyn Nets,Sacramento Kings,5.0,0.1,4.9,False,103.0,108.0,119.6,119.5
2024-11-23,Los Angeles Lakers,Denver Nuggets,Denver Nuggets,Denver Nuggets,25.0,6.2,18.8,True,102.0,127.0,110.2,116.3,2024-11-23,Los Angeles Lakers,Denver Nuggets,Denver Nuggets,Los Angeles Lakers,25.0,1.6,23.4,False,102.0,127.0,119.1,117.5
2024-11-23,San Antonio Spurs,Golden State Warriors,San Antonio Spurs,San Antonio Spurs,10.0,7.8,2.2,True,104.0,94.0,106.4,98.6,2024-11-23,San Antonio Spurs,Golden State Warriors,San Antonio Spurs,San Antonio Spurs,10.0,4.9,5.1,True,104.0,94.0,120.3,115.4
2024-11-23,Milwaukee Bucks,Charlotte Hornets,Milwaukee Bucks,Milwaukee Bucks,6.0,8.7,2.6999999999999993,True,125.0,119.0,121.9,113.2,2024-11-23,Milwaukee Bucks,Charlotte Hornets,Milwaukee Bucks,Milwaukee Bucks,6.0,16.0,10.0,True,125.0,119.0,122.2,106.2
2024-11-23,Chicago Bulls,Memphis Grizzlies,Memphis Grizzlies,Memphis Grizzlies,11.0,12.3,1.3000000000000007,True,131.0,142.0,125.8,138.1,2024-11-23,Chicago Bulls,Memphis Grizzlies,Memphis Grizzlies,Memphis Grizzlies,11.0,11.0,0.0,True,131.0,142.0,115.7,126.7
2024-11-23,Orlando Magic,Detroit Pistons,Orlando Magic,Orlando Magic,11.0,7.2,3.8,True,111.0,100.0,105.0,97.8,2024-11-23,Orlando Magic,Detroit Pistons,Orlando Magic,Orlando Magic,11.0,8.3,2.6999999999999993,True,111.0,100.0,100.8,92.5
2024-11-23,Utah Jazz,New York Knicks,Utah Jazz,Utah Jazz,15.0,6.0,9.0,True,121.0,106.0,110.5,104.6,2024-11-23,Utah Jazz,New York Knicks,Utah Jazz,New York Knicks,15.0,4.2,10.8,False,121.0,106.0,108.1,112.3
2024-11-23,Houston Rockets,Portland Trail Blazers,Portland Trail Blazers,Houston Rockets,6.0,13.6,7.6,False,98.0,104.0,109.2,95.6,2024-11-23,Houston Rockets,Portland Trail Blazers,Portland Trail Blazers,Houston Rockets,6.0,18.3,12.3,False,98.0,104.0,112.4,94.1
2024-11-22,New Orleans Pelicans,Golden State Warriors,Golden State Warriors,Golden State Warriors,4.0,6.8,2.8,True,108.0,112.0,104.7,111.5,2024-11-22,New Orleans Pelicans,Golden State Warriors,Golden State Warriors,Golden State Warriors,4.0,13.8,9.8,True,108.0,112.0,107.7,121.4
2024-11-22,Milwaukee Bucks,Indiana Pacers,Milwaukee Bucks,Milwaukee Bucks,12.0,11.5,0.5,True,129.0,117.0,124.1,112.6,2024-11-22,Milwaukee Bucks,Indiana Pacers,Milwaukee Bucks,Milwaukee Bucks,12.0,11.5,0.5,True,129.0,117.0,111.4,100.0
2024-11-22,Houston Rockets,Portland Trail Blazers,Houston Rockets,Houston Rockets,28.0,18.8,9.2,True,116.0,88.0,113.9,95.1,2024-11-22,Houston Rockets,Portland Trail Blazers,Houston Rockets,Houston Rockets,28.0,19.1,8.899999999999999,True,116.0,88.0,113.9,94.8
2024-11-22,Chicago Bulls,Atlanta Hawks,Chicago Bulls,Chicago Bulls,14.0,6.8,7.2,True,136.0,122.0,128.1,121.3,2024-11-22,Chicago Bulls,Atlanta Hawks,Chicago Bulls,Atlanta Hawks,14.0,2.6,11.4,False,136.0,122.0,122.3,124.9
2024-11-22,Denver Nuggets,Dallas Mavericks,Dallas Mavericks,Denver Nuggets,3.0,3.9,0.8999999999999999,False,120.0,123.0,121.3,117.4,2024-11-22,Denver Nuggets,Dallas Mavericks,Dallas Mavericks,Denver Nuggets,3.0,5.0,2.0,False,120.0,123.0,124.8,119.8
2024-11-22,Washington Wizards,Boston Celtics,Boston Celtics,Boston Celtics,12.0,15.0,3.0,True,96.0,108.0,96.4,111.4,2024-11-22,Washington Wizards,Boston Celtics,Boston Celtics,Boston Celtics,12.0,20.2,8.2,True,96.0,108.0,100.9,121.1
2024-11-22,Philadelphia 76ers,Brooklyn Nets,Philadelphia 76ers,Philadelphia 76ers,15.0,11.5,3.5,True,113.0,98.0,110.7,99.2,2024-11-22,Philadelphia 76ers,Brooklyn Nets,Philadelphia 76ers,Philadelphia 76ers,15.0,3.0,12.0,True,113.0,98.0,102.5,99.5
2024-11-22,Los Angeles Clippers,Sacramento Kings,Los Angeles Clippers,Los Angeles Clippers,16.0,12.9,3.0999999999999996,True,104.0,88.0,104.8,91.9,2024-11-22,Los Angeles Clippers,Sacramento Kings,Los Angeles Clippers,Los Angeles Clippers,16.0,7.2,8.8,True,104.0,88.0,107.9,100.7
2024-11-21,Los Angeles Lakers,Orlando Magic,Orlando Magic,Los Angeles Lakers,1.0,8.1,7.1,False,118.0,119.0,118.1,110.0,2024-11-21,Los Angeles Lakers,Orlando Magic,Orlando Magic,Los Angeles Lakers,1.0,8.2,7.199999999999999,False,118.0,119.0,117.4,109.1
2024-11-21,San Antonio Spurs,Utah Jazz,San Antonio Spurs,San Antonio Spurs,8.0,9.8,1.8000000000000007,True,126.0,118.0,126.6,116.7,2024-11-21,San Antonio Spurs,Utah Jazz,San Antonio Spurs,San Antonio Spurs,8.0,4.4,3.5999999999999996,True,126.0,118.0,125.0,120.6
2024-11-21,Charlotte Hornets,Detroit Pistons,Charlotte Hornets,Charlotte Hornets,2.0,2.2,0.20000000000000018,True,123.0,121.0,117.7,115.4,2024-11-21,Charlotte Hornets,Detroit Pistons,Charlotte Hornets,Detroit Pistons,2.0,2.6,0.6000000000000001,False,123.0,121.0,108.3,110.8
2024-11-21,Toronto Raptors,Minnesota Timberwolves,Toronto Raptors,Toronto Raptors,5.0,6.5,1.5,True,110.0,105.0,115.8,109.3,2024-11-21,Toronto Raptors,Minnesota Timberwolves,Toronto Raptors,Toronto Raptors,5.0,1.7,3.3,True,110.0,105.0,122.9,121.2
2024-11-20,Cleveland Cavaliers,New Orleans Pelicans,Cleveland Cavaliers,Cleveland Cavaliers,28.0,21.4,6.600000000000001,True,128.0,100.0,120.7,99.2,2024-11-20,Cleveland Cavaliers,New Orleans Pelicans,Cleveland Cavaliers,Cleveland Cavaliers,28.0,19.8,8.2,True,128.0,100.0,122.8,103.0
2024-11-20,Houston Rockets,Indiana Pacers,Houston Rockets,Houston Rockets,17.0,15.1,1.9000000000000004,True,130.0,113.0,128.2,113.1,2024-11-20,Houston Rockets,Indiana Pacers,Houston Rockets,Houston Rockets,17.0,13.3,3.6999999999999993,True,130.0,113.0,107.0,93.7
2024-11-20,Phoenix Suns,New York Knicks,New York Knicks,New York Knicks,16.0,3.6,12.4,True,122.0,138.0,121.5,125.2,2024-11-20,Phoenix Suns,New York Knicks,New York Knicks,New York Knicks,16.0,5.0,11.0,True,122.0,138.0,117.9,122.9
2024-11-20,Golden State Warriors,Atlanta Hawks,Golden State Warriors,Golden State Warriors,23.0,12.6,10.4,True,120.0,97.0,113.6,101.0,2024-11-20,Golden State Warriors,Atlanta Hawks,Golden State Warriors,Golden State Warriors,23.0,10.3,12.7,True,120.0,97.0,112.4,102.1
2024-11-20,Los Angeles Clippers,Orlando Magic,Los Angeles Clippers,Los Angeles Clippers,11.0,9.3,1.6999999999999993,True,104.0,93.0,104.0,94.7,2024-11-20,Los Angeles Clippers,Orlando Magic,Los Angeles Clippers,Los Angeles Clippers,11.0,9.6,1.4000000000000004,True,104.0,93.0,108.8,99.2
2024-11-20,Milwaukee Bucks,Chicago Bulls,Milwaukee Bucks,Milwaukee Bucks,16.0,5.1,10.9,True,122.0,106.0,121.9,116.9,2024-11-20,Milwaukee Bucks,Chicago Bulls,Milwaukee Bucks,Milwaukee Bucks,16.0,5.7,10.3,True,122.0,106.0,125.1,119.5
2024-11-20,Memphis Grizzlies,Philadelphia 76ers,Memphis Grizzlies,Memphis Grizzlies,6.0,11.3,5.300000000000001,True,117.0,111.0,118.7,107.3,2024-11-20,Memphis Grizzlies,Philadelphia 76ers,Memphis Grizzlies,Memphis Grizzlies,6.0,12.4,6.4,True,117.0,111.0,116.4,104.0
2024-11-20,Oklahoma City Thunder,Portland Trail Blazers,Oklahoma City Thunder,Oklahoma City Thunder,10.0,12.0,2.0,True,109.0,99.0,108.0,96.1,2024-11-20,Oklahoma City Thunder,Portland Trail Blazers,Oklahoma City Thunder,Oklahoma City Thunder,10.0,9.8,0.1999999999999993,True,109.0,99.0,103.8,93.9
2024-11-19,Memphis Grizzlies,Denver Nuggets,Denver Nuggets,Memphis Grizzlies,12.0,2.7,9.3,False,110.0,122.0,114.0,111.3,2024-11-19,Memphis Grizzlies,Denver Nuggets,Denver Nuggets,Memphis Grizzlies,12.0,10.4,1.5999999999999996,False,110.0,122.0,110.3,100.0
2024-11-19,Los Angeles Lakers,Utah Jazz,Los Angeles Lakers,Los Angeles Lakers,6.0,10.9,4.9,True,124.0,118.0,123.3,112.3,2024-11-19,Los Angeles Lakers,Utah Jazz,Los Angeles Lakers,Los Angeles Lakers,6.0,10.5,4.5,True,124.0,118.0,124.6,114.1
2024-11-19,Dallas Mavericks,New Orleans Pelicans,Dallas Mavericks,Dallas Mavericks,41.0,25.5,15.5,True,132.0,91.0,121.0,95.5,2024-11-19,Dallas Mavericks,New Orleans Pelicans,Dallas Mavericks,Dallas Mavericks,41.0,19.2,21.8,True,132.0,91.0,112.2,93.0
2024-11-19,San Antonio Spurs,Oklahoma City Thunder,San Antonio Spurs,Oklahoma City Thunder,6.0,1.3,4.7,False,110.0,104.0,104.0,105.3,2024-11-19,San Antonio Spurs,Oklahoma City Thunder,San Antonio Spurs,San Antonio Spurs,6.0,2.2,3.8,True,110.0,104.0,113.0,110.9
2024-11-19,Brooklyn Nets,Charlotte Hornets,Brooklyn Nets,Brooklyn Nets,1.0,1.3,0.30000000000000004,True,116.0,115.0,113.9,112.5,2024-11-19,Brooklyn Nets,Charlotte Hornets,Brooklyn Nets,Brooklyn Nets,1.0,5.7,4.7,True,116.0,115.0,116.9,111.2
2024-11-19,Boston Celtics,Cleveland Cavaliers,Boston Celtics,Boston Celtics,3.0,0.3,2.7,True,120.0,117.0,121.6,121.4,2024-11-19,Boston Celtics,Cleveland Cavaliers,Boston Celtics,Cleveland Cavaliers,3.0,1.7,1.3,False,120.0,117.0,119.5,121.2
2024-11-18,Los Angeles Clippers,Golden State Warriors,Los Angeles Clippers,Golden State Warriors,3.0,1.6,1.4,False,102.0,99.0,102.5,104.1,2024-11-18,Los Angeles Clippers,Golden State Warriors,Los Angeles Clippers,Golden State Warriors,3.0,6.8,3.8,False,102.0,99.0,113.9,120.6
2024-11-18,Sacramento Kings,Atlanta Hawks,Atlanta Hawks,Sacramento Kings,1.0,1.4,0.3999999999999999,False,108.0,109.0,115.0,113.6,2024-11-18,Sacramento Kings,Atlanta Hawks,Atlanta Hawks,Sacramento Kings,1.0,6.8,5.8,False,108.0,109.0,124.1,117.3
2024-11-18,Phoenix Suns,Orlando Magic,Orlando Magic,Orlando Magic,10.0,2.3,7.7,True,99.0,109.0,102.8,105.1,2024-11-18,Phoenix Suns,Orlando Magic,Orlando Magic,Phoenix Suns,10.0,6.1,3.9000000000000004,False,99.0,109.0,118.0,111.9
2024-11-18,Milwaukee Bucks,Houston Rockets,Milwaukee Bucks,Milwaukee Bucks,1.0,1.9,0.8999999999999999,True,101.0,100.0,105.0,103.1,2024-11-18,Milwaukee Bucks,Houston Rockets,Milwaukee Bucks,Milwaukee Bucks,1.0,2.8,1.7999999999999998,True,101.0,100.0,110.5,107.6
2024-11-18,Toronto Raptors,Indiana Pacers,Toronto Raptors,Toronto Raptors,11.0,8.1,2.9000000000000004,True,130.0,119.0,124.6,116.6,2024-11-18,Toronto Raptors,Indiana Pacers,Toronto Raptors,Toronto Raptors,11.0,9.4,1.5999999999999996,True,130.0,119.0,118.4,108.9
2024-11-18,New York Knicks,Washington Wizards,New York Knicks,New York Knicks,28.0,18.5,9.5,True,134.0,106.0,126.6,108.1,2024-11-18,New York Knicks,Washington Wizards,New York Knicks,New York Knicks,28.0,13.2,14.8,True,134.0,106.0,128.6,115.3
2024-11-18,Miami Heat,Philadelphia 76ers,Miami Heat,Miami Heat,17.0,9.2,7.800000000000001,True,106.0,89.0,103.4,94.2,2024-11-18,Miami Heat,Philadelphia 76ers,Miami Heat,Miami Heat,17.0,7.1,9.9,True,106.0,89.0,106.7,99.6
2024-11-18,Detroit Pistons,Chicago Bulls,Chicago Bulls,Chicago Bulls,10.0,5.1,4.9,True,112.0,122.0,118.5,123.6,2024-11-18,Detroit Pistons,Chicago Bulls,Chicago Bulls,Chicago Bulls,10.0,3.1,6.9,True,112.0,122.0,121.8,125.0
2024-11-17,Indiana Pacers,Miami Heat,Indiana Pacers,Miami Heat,9.0,1.3,7.7,False,119.0,110.0,114.4,115.7,2024-11-17,Indiana Pacers,Miami Heat,Indiana Pacers,Indiana Pacers,9.0,2.8,6.2,True,119.0,110.0,118.5,115.6
2024-11-17,Memphis Grizzlies,Denver Nuggets,Memphis Grizzlies,Memphis Grizzlies,15.0,11.1,3.9000000000000004,True,105.0,90.0,113.9,102.8,2024-11-17,Memphis Grizzlies,Denver Nuggets,Memphis Grizzlies,Memphis Grizzlies,15.0,10.4,4.6,True,105.0,90.0,122.9,112.6
2024-11-17,Cleveland Cavaliers,Charlotte Hornets,Cleveland Cavaliers,Cleveland Cavaliers,14.0,9.9,4.1,True,128.0,114.0,123.2,113.3,2024-11-17,Cleveland Cavaliers,Charlotte Hornets,Cleveland Cavaliers,Cleveland Cavaliers,14.0,17.4,3.3999999999999986,True,128.0,114.0,117.4,100.1
2024-11-17,Portland Trail Blazers,Atlanta Hawks,Portland Trail Blazers,Atlanta Hawks,4.0,0.0,4.0,False,114.0,110.0,111.5,111.5,2024-11-17,Portland Trail Blazers,Atlanta Hawks,Portland Trail Blazers,Atlanta Hawks,4.0,6.9,2.9000000000000004,False,114.0,110.0,106.3,113.2
2024-11-17,Los Angeles Clippers,Utah Jazz,Los Angeles Clippers,Los Angeles Clippers,11.0,12.0,1.0,True,116.0,105.0,119.9,107.9,2024-11-17,Los Angeles Clippers,Utah Jazz,Los Angeles Clippers,Los Angeles Clippers,11.0,5.7,5.3,True,116.0,105.0,114.1,108.4
2024-11-17,Oklahoma City Thunder,Dallas Mavericks,Dallas Mavericks,Oklahoma City Thunder,2.0,4.0,2.0,False,119.0,121.0,118.5,114.5,2024-11-17,Oklahoma City Thunder,Dallas Mavericks,Dallas Mavericks,Oklahoma City Thunder,2.0,3.9,1.9,False,119.0,121.0,114.5,110.5
2024-11-17,New York Knicks,Brooklyn Nets,New York Knicks,New York Knicks,10.0,8.1,1.9000000000000004,True,114.0,104.0,118.8,110.7,2024-11-17,New York Knicks,Brooklyn Nets,New York Knicks,New York Knicks,10.0,3.7,6.3,True,114.0,104.0,111.8,108.2
2024-11-17,Chicago Bulls,Houston Rockets,Houston Rockets,Houston Rockets,36.0,23.6,12.399999999999999,True,107.0,143.0,109.7,133.2,2024-11-17,Chicago Bulls,Houston Rockets,Houston Rockets,Houston Rockets,36.0,6.8,29.2,True,107.0,143.0,103.8,110.6
2024-11-17,Washington Wizards,Detroit Pistons,Detroit Pistons,Detroit Pistons,20.0,18.5,1.5,True,104.0,124.0,101.9,120.4,2024-11-17,Washington Wizards,Detroit Pistons,Detroit Pistons,Detroit Pistons,20.0,13.8,6.199999999999999,True,104.0,124.0,99.5,113.3
2024-11-17,Minnesota Timberwolves,Phoenix Suns,Minnesota Timberwolves,Minnesota Timberwolves,3.0,8.0,5.0,True,120.0,117.0,119.1,111.1,2024-11-17,Minnesota Timberwolves,Phoenix Suns,Minnesota Timberwolves,Minnesota Timberwolves,3.0,9.6,6.6,True,120.0,117.0,114.1,104.5
2024-11-16,Sacramento Kings,Utah Jazz,Sacramento Kings,Sacramento Kings,4.0,8.3,4.300000000000001,True,121.0,117.0,122.5,114.1,2024-11-16,Sacramento Kings,Utah Jazz,Sacramento Kings,Sacramento Kings,4.0,6.9,2.9000000000000004,True,121.0,117.0,119.5,112.6
2024-11-16,Dallas Mavericks,San Antonio Spurs,Dallas Mavericks,Dallas Mavericks,17.0,16.6,0.3999999999999986,True,110.0,93.0,112.1,95.4,2024-11-16,Dallas Mavericks,San Antonio Spurs,Dallas Mavericks,Dallas Mavericks,17.0,13.0,4.0,True,110.0,93.0,110.5,97.6
2024-11-16,New Orleans Pelicans,Los Angeles Lakers,Los Angeles Lakers,Los Angeles Lakers,5.0,1.1,3.9,True,99.0,104.0,102.1,103.2,2024-11-16,New Orleans Pelicans,Los Angeles Lakers,Los Angeles Lakers,Los Angeles Lakers,5.0,7.7,2.7,True,99.0,104.0,107.7,115.4
2024-11-16,Boston Celtics,Toronto Raptors,Boston Celtics,Boston Celtics,3.0,5.7,2.7,True,126.0,123.0,123.6,117.9,2024-11-16,Boston Celtics,Toronto Raptors,Boston Celtics,Boston Celtics,3.0,13.8,10.8,True,126.0,123.0,114.6,100.8
2024-11-16,Charlotte Hornets,Milwaukee Bucks,Charlotte Hornets,Charlotte Hornets,1.0,5.2,4.2,True,115.0,114.0,112.1,106.9,2024-11-16,Charlotte Hornets,Milwaukee Bucks,Charlotte Hornets,Charlotte Hornets,1.0,13.4,12.4,True,115.0,114.0,110.2,96.8
2024-11-15,Cleveland Cavaliers,Chicago Bulls,Cleveland Cavaliers,Cleveland Cavaliers,18.0,7.9,10.1,True,144.0,126.0,133.3,125.4,2024-11-15,Cleveland Cavaliers,Chicago Bulls,Cleveland Cavaliers,Cleveland Cavaliers,18.0,12.1,5.9,True,144.0,126.0,124.1,112.0
2024-11-15,New York Knicks,Brooklyn Nets,New York Knicks,New York Knicks,2.0,4.7,2.7,True,124.0,122.0,119.0,114.2,2024-11-15,New York Knicks,Brooklyn Nets,New York Knicks,New York Knicks,2.0,1.7,0.30000000000000004,True,124.0,122.0,108.9,107.3
2024-11-15,Houston Rockets,Los Angeles Clippers,Houston Rockets,Houston Rockets,21.0,15.6,5.4,True,125.0,104.0,119.5,103.9,2024-11-15,Houston Rockets,Los Angeles Clippers,Houston Rockets,Houston Rockets,21.0,14.0,7.0,True,125.0,104.0,119.3,105.3
2024-11-15,Atlanta Hawks,Washington Wizards,Atlanta Hawks,Atlanta Hawks,12.0,6.1,5.9,True,129.0,117.0,124.5,118.4,2024-11-15,Atlanta Hawks,Washington Wizards,Atlanta Hawks,Atlanta Hawks,12.0,6.7,5.3,True,129.0,117.0,113.0,106.4
2024-11-15,Toronto Raptors,Detroit Pistons,Detroit Pistons,Detroit Pistons,4.0,6.0,2.0,True,95.0,99.0,97.5,103.5,2024-11-15,Toronto Raptors,Detroit Pistons,Detroit Pistons,Toronto Raptors,4.0,2.4,1.6,False,95.0,99.0,112.5,110.1
2024-11-15,San Antonio Spurs,Los Angeles Lakers,Los Angeles Lakers,San Antonio Spurs,5.0,4.8,0.20000000000000018,False,115.0,120.0,113.9,109.1,2024-11-15,San Antonio Spurs,Los Angeles Lakers,Los Angeles Lakers,San Antonio Spurs,5.0,10.5,5.5,False,115.0,120.0,118.9,108.5
2024-11-15,New Orleans Pelicans,Denver Nuggets,New Orleans Pelicans,New Orleans Pelicans,7.0,1.5,5.5,True,101.0,94.0,102.0,100.5,2024-11-15,New Orleans Pelicans,Denver Nuggets,New Orleans Pelicans,Denver Nuggets,7.0,8.5,1.5,False,101.0,94.0,112.6,121.1
2024-11-15,Orlando Magic,Philadelphia 76ers,Orlando Magic,Orlando Magic,12.0,14.1,2.0999999999999996,True,98.0,86.0,102.1,88.0,2024-11-15,Orlando Magic,Philadelphia 76ers,Orlando Magic,Orlando Magic,12.0,14.4,2.4000000000000004,True,98.0,86.0,114.7,100.2
2024-11-15,Golden State Warriors,Memphis Grizzlies,Golden State Warriors,Golden State Warriors,5.0,0.1,4.9,True,123.0,118.0,121.5,121.4,2024-11-15,Golden State Warriors,Memphis Grizzlies,Golden State Warriors,Memphis Grizzlies,5.0,0.2,4.8,False,123.0,118.0,111.4,111.6
2024-11-15,Sacramento Kings,Minnesota Timberwolves,Minnesota Timberwolves,Sacramento Kings,4.0,7.3,3.3,False,126.0,130.0,126.1,118.8,2024-11-15,Sacramento Kings,Minnesota Timberwolves,Minnesota Timberwolves,Sacramento Kings,4.0,0.6,3.4,False,126.0,130.0,117.6,117.0
2024-11-15,Indiana Pacers,Miami Heat,Miami Heat,Miami Heat,13.0,6.5,6.5,True,111.0,124.0,109.9,116.4,2024-11-15,Indiana Pacers,Miami Heat,Miami Heat,Indiana Pacers,13.0,1.0,12.0,False,111.0,124.0,115.6,114.6
2024-11-15,Oklahoma City Thunder,Phoenix Suns,Oklahoma City Thunder,Oklahoma City Thunder,16.0,11.5,4.5,True,99.0,83.0,101.5,90.0,2024-11-15,Oklahoma City Thunder,Phoenix Suns,Oklahoma City Thunder,Oklahoma City Thunder,16.0,7.8,8.2,True,99.0,83.0,110.2,102.3
2024-11-14,Utah Jazz,Dallas Mavericks,Utah Jazz,Utah Jazz,2.0,1.6,0.3999999999999999,True,115.0,113.0,112.2,110.6,2024-11-14,Utah Jazz,Dallas Mavericks,Utah Jazz,Dallas Mavericks,2.0,11.3,9.3,False,115.0,113.0,105.0,116.3
2024-11-13,Portland Trail Blazers,Minnesota Timberwolves,Portland Trail Blazers,Portland Trail Blazers,8.0,10.7,2.6999999999999993,True,106.0,98.0,108.7,98.0,2024-11-13,Portland Trail Blazers,Minnesota Timberwolves,Portland Trail Blazers,Minnesota Timberwolves,8.0,2.7,5.3,False,106.0,98.0,108.7,111.4
2024-11-13,Milwaukee Bucks,Detroit Pistons,Milwaukee Bucks,Milwaukee Bucks,7.0,6.3,0.7000000000000002,True,127.0,120.0,120.7,114.5,2024-11-13,Milwaukee Bucks,Detroit Pistons,Milwaukee Bucks,Milwaukee Bucks,7.0,3.0,4.0,True,127.0,120.0,107.5,104.5
2024-11-13,Philadelphia 76ers,Cleveland Cavaliers,Cleveland Cavaliers,Cleveland Cavaliers,8.0,10.1,2.0999999999999996,True,106.0,114.0,105.1,115.2,2024-11-13,Philadelphia 76ers,Cleveland Cavaliers,Cleveland Cavaliers,Cleveland Cavaliers,8.0,11.4,3.4000000000000004,True,106.0,114.0,105.2,116.6
2024-11-13,San Antonio Spurs,Washington Wizards,San Antonio Spurs,San Antonio Spurs,9.0,13.6,4.6,True,139.0,130.0,131.2,117.6,2024-11-13,San Antonio Spurs,Washington Wizards,San Antonio Spurs,San Antonio Spurs,9.0,15.2,6.199999999999999,True,139.0,130.0,115.3,100.1
2024-11-13,Los Angeles Lakers,Memphis Grizzlies,Los Angeles Lakers,Los Angeles Lakers,5.0,6.0,1.0,True,128.0,123.0,123.2,117.2,2024-11-13,Los Angeles Lakers,Memphis Grizzlies,Los Angeles Lakers,Los Angeles Lakers,5.0,6.3,1.2999999999999998,True,128.0,123.0,120.2,113.9
2024-11-13,Orlando Magic,Indiana Pacers,Orlando Magic,Orlando Magic,4.0,12.6,8.6,True,94.0,90.0,102.4,89.8,2024-11-13,Orlando Magic,Indiana Pacers,Orlando Magic,Orlando Magic,4.0,16.2,12.2,True,94.0,90.0,113.3,97.1
2024-11-13,Sacramento Kings,Phoenix Suns,Sacramento Kings,Sacramento Kings,23.0,14.3,8.7,True,127.0,104.0,124.3,110.1,2024-11-13,Sacramento Kings,Phoenix Suns,Sacramento Kings,Sacramento Kings,23.0,3.6,19.4,True,127.0,104.0,121.7,118.0
2024-11-13,Oklahoma City Thunder,New Orleans Pelicans,Oklahoma City Thunder,Oklahoma City Thunder,18.0,17.2,0.8000000000000007,True,106.0,88.0,108.9,91.7,2024-11-13,Oklahoma City Thunder,New Orleans Pelicans,Oklahoma City Thunder,Oklahoma City Thunder,18.0,15.2,2.8000000000000007,True,106.0,88.0,113.0,97.9
2024-11-13,Brooklyn Nets,Boston Celtics,Boston Celtics,Boston Celtics,25.0,20.7,4.300000000000001,True,114.0,139.0,110.6,131.3,2024-11-13,Brooklyn Nets,Boston Celtics,Boston Celtics,Boston Celtics,25.0,16.4,8.600000000000001,True,114.0,139.0,101.5,117.9
2024-11-13,New York Knicks,Chicago Bulls,Chicago Bulls,New York Knicks,1.0,5.6,4.6,False,123.0,124.0,125.8,120.1,2024-11-13,New York Knicks,Chicago Bulls,Chicago Bulls,New York Knicks,1.0,4.1,3.0999999999999996,False,123.0,124.0,114.3,110.2
2024-11-13,Houston Rockets,Los Angeles Clippers,Houston Rockets,Houston Rockets,8.0,11.4,3.4000000000000004,True,111.0,103.0,115.8,104.4,2024-11-13,Houston Rockets,Los Angeles Clippers,Houston Rockets,Houston Rockets,8.0,9.4,1.4000000000000004,True,111.0,103.0,113.9,104.5
2024-11-12,Golden State Warriors,Dallas Mavericks,Golden State Warriors,Golden State Warriors,3.0,5.6,2.5999999999999996,True,120.0,117.0,121.0,115.4,2024-11-12,Golden State Warriors,Dallas Mavericks,Golden State Warriors,Golden State Warriors,3.0,3.0,0.0,True,120.0,117.0,111.6,108.6
2024-11-12,Utah Jazz,Phoenix Suns,Phoenix Suns,Phoenix Suns,8.0,4.6,3.4000000000000004,True,112.0,120.0,112.1,116.8,2024-11-12,Utah Jazz,Phoenix Suns,Phoenix Suns,Phoenix Suns,8.0,7.1,0.9000000000000004,True,112.0,120.0,109.3,116.4
2024-11-12,Portland Trail Blazers,Minnesota Timberwolves,Portland Trail Blazers,Portland Trail Blazers,14.0,7.4,6.6,True,122.0,108.0,118.9,111.4,2024-11-12,Portland Trail Blazers,Minnesota Timberwolves,Portland Trail Blazers,Minnesota Timberwolves,14.0,2.8,11.2,False,122.0,108.0,114.2,116.9
2024-11-12,Milwaukee Bucks,Toronto Raptors,Milwaukee Bucks,Milwaukee Bucks,14.0,8.5,5.5,True,99.0,85.0,103.5,94.9,2024-11-12,Milwaukee Bucks,Toronto Raptors,Milwaukee Bucks,Milwaukee Bucks,14.0,10.8,3.1999999999999993,True,99.0,85.0,110.3,99.5
2024-11-12,Orlando Magic,Charlotte Hornets,Orlando Magic,Orlando Magic,25.0,22.3,2.6999999999999993,True,114.0,89.0,112.8,90.4,2024-11-12,Orlando Magic,Charlotte Hornets,Orlando Magic,Orlando Magic,25.0,20.7,4.300000000000001,True,114.0,89.0,115.1,94.4
2024-11-12,Detroit Pistons,Miami Heat,Detroit Pistons,Detroit Pistons,2.0,0.3,1.7,True,123.0,121.0,118.0,117.6,2024-11-12,Detroit Pistons,Miami Heat,Detroit Pistons,Miami Heat,2.0,4.2,2.2,False,123.0,121.0,108.9,113.0
2024-11-12,Philadelphia 76ers,New York Knicks,New York Knicks,New York Knicks,12.0,9.9,2.0999999999999996,True,99.0,111.0,102.1,111.9,2024-11-12,Philadelphia 76ers,New York Knicks,New York Knicks,New York Knicks,12.0,5.1,6.9,True,99.0,111.0,104.7,109.8
2024-11-12,Boston Celtics,Atlanta Hawks,Atlanta Hawks,Boston Celtics,1.0,1.4,0.3999999999999999,False,116.0,117.0,119.8,118.4,2024-11-12,Boston Celtics,Atlanta Hawks,Atlanta Hawks,Boston Celtics,1.0,6.1,5.1,False,116.0,117.0,116.2,110.1
2024-11-11,San Antonio Spurs,Sacramento Kings,San Antonio Spurs,San Antonio Spurs,20.0,10.9,9.1,True,116.0,96.0,112.1,101.2,2024-11-11,San Antonio Spurs,Sacramento Kings,San Antonio Spurs,San Antonio Spurs,20.0,1.7,18.3,True,116.0,96.0,113.2,111.5
2024-11-11,New Orleans Pelicans,Brooklyn Nets,Brooklyn Nets,Brooklyn Nets,2.0,4.3,2.3,True,105.0,107.0,104.3,108.6,2024-11-11,New Orleans Pelicans,Brooklyn Nets,Brooklyn Nets,Brooklyn Nets,2.0,16.9,14.899999999999999,True,105.0,107.0,100.2,117.1
2024-11-11,Houston Rockets,Washington Wizards,Houston Rockets,Houston Rockets,15.0,19.6,4.600000000000001,True,107.0,92.0,114.9,95.3,2024-11-11,Houston Rockets,Washington Wizards,Houston Rockets,Houston Rockets,15.0,22.6,7.600000000000001,True,107.0,92.0,117.6,95.0
2024-11-11,Chicago Bulls,Cleveland Cavaliers,Cleveland Cavaliers,Cleveland Cavaliers,6.0,4.2,1.7999999999999998,True,113.0,119.0,116.3,120.5,2024-11-11,Chicago Bulls,Cleveland Cavaliers,Cleveland Cavaliers,Cleveland Cavaliers,6.0,7.6,1.5999999999999996,True,113.0,119.0,118.9,126.5
2024-11-11,Oklahoma City Thunder,Los Angeles Clippers,Oklahoma City Thunder,Oklahoma City Thunder,6.0,3.0,3.0,True,134.0,128.0,126.9,123.9,2024-11-11,Oklahoma City Thunder,Los Angeles Clippers,Oklahoma City Thunder,Los Angeles Clippers,6.0,2.6,3.4,False,134.0,128.0,107.9,110.5
2024-11-10,Philadelphia 76ers,Charlotte Hornets,Philadelphia 76ers,Philadelphia 76ers,2.0,3.9,1.9,True,107.0,105.0,107.4,103.6,2024-11-10,Philadelphia 76ers,Charlotte Hornets,Philadelphia 76ers,Charlotte Hornets,2.0,2.4,0.3999999999999999,False,107.0,105.0,102.5,104.9
2024-11-10,Minnesota Timberwolves,Miami Heat,Miami Heat,Minnesota Timberwolves,1.0,4.3,3.3,False,94.0,95.0,100.6,96.3,2024-11-10,Minnesota Timberwolves,Miami Heat,Miami Heat,Minnesota Timberwolves,1.0,4.6,3.5999999999999996,False,94.0,95.0,111.4,106.8
2024-11-10,Los Angeles Lakers,Toronto Raptors,Los Angeles Lakers,Los Angeles Lakers,20.0,9.1,10.9,True,123.0,103.0,117.5,108.4,2024-11-10,Los Angeles Lakers,Toronto Raptors,Los Angeles Lakers,Los Angeles Lakers,20.0,11.0,9.0,True,123.0,103.0,122.5,111.5
2024-11-10,Portland Trail Blazers,Memphis Grizzlies,Memphis Grizzlies,Memphis Grizzlies,45.0,25.4,19.6,True,89.0,134.0,100.4,125.8,2024-11-10,Portland Trail Blazers,Memphis Grizzlies,Memphis Grizzlies,Memphis Grizzlies,45.0,11.6,33.4,True,89.0,134.0,104.6,116.2
2024-11-10,Phoenix Suns,Sacramento Kings,Sacramento Kings,Sacramento Kings,9.0,5.9,3.0999999999999996,True,118.0,127.0,120.6,126.6,2024-11-10,Phoenix Suns,Sacramento Kings,Sacramento Kings,Phoenix Suns,9.0,0.2,8.8,False,118.0,127.0,116.4,116.2
2024-11-10,Denver Nuggets,Dallas Mavericks,Denver Nuggets,Denver Nuggets,2.0,5.0,3.0,True,122.0,120.0,121.5,116.4,2024-11-10,Denver Nuggets,Dallas Mavericks,Denver Nuggets,Denver Nuggets,2.0,2.0,0.0,True,122.0,120.0,122.8,120.7
2024-11-10,Detroit Pistons,Houston Rockets,Houston Rockets,Houston Rockets,2.0,1.0,1.0,True,99.0,101.0,102.9,103.9,2024-11-10,Detroit Pistons,Houston Rockets,Houston Rockets,Houston Rockets,2.0,4.8,2.8,True,99.0,101.0,104.0,108.8
2024-11-10,Oklahoma City Thunder,Golden State Warriors,Golden State Warriors,Oklahoma City Thunder,11.0,2.5,8.5,False,116.0,127.0,118.9,116.4,2024-11-10,Oklahoma City Thunder,Golden State Warriors,Golden State Warriors,Golden State Warriors,11.0,3.3,7.7,True,116.0,127.0,109.4,112.7
2024-11-10,Orlando Magic,Washington Wizards,Orlando Magic,Orlando Magic,27.0,24.6,2.3999999999999986,True,121.0,94.0,119.7,95.1,2024-11-10,Orlando Magic,Washington Wizards,Orlando Magic,Orlando Magic,27.0,16.2,10.8,True,121.0,94.0,118.8,102.6
2024-11-10,Milwaukee Bucks,Boston Celtics,Boston Celtics,Boston Celtics,6.0,4.4,1.5999999999999996,True,107.0,113.0,107.6,112.0,2024-11-10,Milwaukee Bucks,Boston Celtics,Boston Celtics,Boston Celtics,6.0,1.4,4.6,True,107.0,113.0,116.2,117.7
2024-11-10,Indiana Pacers,New York Knicks,Indiana Pacers,Indiana Pacers,11.0,3.7,7.3,True,132.0,121.0,122.9,119.2,2024-11-10,Indiana Pacers,New York Knicks,Indiana Pacers,New York Knicks,11.0,1.7,9.3,False,132.0,121.0,116.1,117.8
2024-11-09,Atlanta Hawks,Chicago Bulls,Chicago Bulls,Chicago Bulls,12.0,11.8,0.1999999999999993,True,113.0,125.0,111.4,123.2,2024-11-09,Atlanta Hawks,Chicago Bulls,Chicago Bulls,Chicago Bulls,12.0,7.3,4.7,True,113.0,125.0,106.4,113.7
2024-11-09,San Antonio Spurs,Utah Jazz,Utah Jazz,San Antonio Spurs,1.0,7.4,6.4,False,110.0,111.0,116.4,108.9,2024-11-09,San Antonio Spurs,Utah Jazz,Utah Jazz,San Antonio Spurs,1.0,9.0,8.0,False,110.0,111.0,116.4,107.4
2024-11-09,Los Angeles Clippers,Toronto Raptors,Los Angeles Clippers,Los Angeles Clippers,2.0,1.8,0.19999999999999996,True,105.0,103.0,102.9,101.0,2024-11-09,Los Angeles Clippers,Toronto Raptors,Los Angeles Clippers,Los Angeles Clippers,2.0,5.9,3.9000000000000004,True,105.0,103.0,115.7,109.8
2024-11-09,Cleveland Cavaliers,Brooklyn Nets,Cleveland Cavaliers,Cleveland Cavaliers,5.0,3.7,1.2999999999999998,True,105.0,100.0,111.2,107.5,2024-11-09,Cleveland Cavaliers,Brooklyn Nets,Cleveland Cavaliers,Cleveland Cavaliers,5.0,3.7,1.2999999999999998,True,105.0,100.0,113.3,109.5
2024-11-08,New York Knicks,Milwaukee Bucks,New York Knicks,New York Knicks,22.0,20.6,1.3999999999999986,True,116.0,94.0,115.8,95.1,2024-11-08,New York Knicks,Milwaukee Bucks,New York Knicks,New York Knicks,22.0,18.5,3.5,True,116.0,94.0,116.7,98.2
2024-11-08,Sacramento Kings,Los Angeles Clippers,Los Angeles Clippers,Los Angeles Clippers,9.0,10.6,1.5999999999999996,True,98.0,107.0,98.7,109.2,2024-11-08,Sacramento Kings,Los Angeles Clippers,Los Angeles Clippers,Los Angeles Clippers,9.0,7.3,1.7000000000000002,True,98.0,107.0,102.7,110.0
2024-11-08,Los Angeles Lakers,Philadelphia 76ers,Los Angeles Lakers,Los Angeles Lakers,10.0,7.4,2.5999999999999996,True,116.0,106.0,116.1,108.7,2024-11-08,Los Angeles Lakers,Philadelphia 76ers,Los Angeles Lakers,Los Angeles Lakers,10.0,11.1,1.0999999999999996,True,116.0,106.0,120.5,109.5
2024-11-08,Minnesota Timberwolves,Portland Trail Blazers,Minnesota Timberwolves,Minnesota Timberwolves,25.0,15.5,9.5,True,127.0,102.0,119.2,103.8,2024-11-08,Minnesota Timberwolves,Portland Trail Blazers,Minnesota Timberwolves,Minnesota Timberwolves,25.0,14.2,10.8,True,127.0,102.0,119.1,104.9
2024-11-08,Denver Nuggets,Miami Heat,Denver Nuggets,Denver Nuggets,13.0,5.1,7.9,True,135.0,122.0,126.3,121.3,2024-11-08,Denver Nuggets,Miami Heat,Denver Nuggets,Miami Heat,13.0,0.1,12.9,False,135.0,122.0,116.5,116.6
2024-11-08,Oklahoma City Thunder,Houston Rockets,Oklahoma City Thunder,Oklahoma City Thunder,19.0,12.3,6.699999999999999,True,126.0,107.0,116.9,104.7,2024-11-08,Oklahoma City Thunder,Houston Rockets,Oklahoma City Thunder,Oklahoma City Thunder,19.0,10.5,8.5,True,126.0,107.0,114.5,104.0
2024-11-08,Memphis Grizzlies,Washington Wizards,Memphis Grizzlies,Memphis Grizzlies,24.0,16.9,7.100000000000001,True,128.0,104.0,126.1,109.2,2024-11-08,Memphis Grizzlies,Washington Wizards,Memphis Grizzlies,Memphis Grizzlies,24.0,11.2,12.8,True,128.0,104.0,115.8,104.6
2024-11-08,Dallas Mavericks,Phoenix Suns,Phoenix Suns,Dallas Mavericks,1.0,1.2,0.19999999999999996,False,113.0,114.0,117.6,116.4,2024-11-08,Dallas Mavericks,Phoenix Suns,Phoenix Suns,Phoenix Suns,1.0,1.0,0.0,True,113.0,114.0,116.2,117.3
2024-11-08,Cleveland Cavaliers,Golden State Warriors,Cleveland Cavaliers,Cleveland Cavaliers,19.0,7.7,11.3,True,136.0,117.0,130.6,122.9,2024-11-08,Cleveland Cavaliers,Golden State Warriors,Cleveland Cavaliers,Cleveland Cavaliers,19.0,2.8,16.2,True,136.0,117.0,117.5,114.7
2024-11-08,Boston Celtics,Brooklyn Nets,Boston Celtics,Boston Celtics,4.0,1.4,2.6,True,108.0,104.0,103.4,102.0,2024-11-08,Boston Celtics,Brooklyn Nets,Boston Celtics,Brooklyn Nets,4.0,2.2,1.7999999999999998,False,108.0,104.0,106.1,108.3
2024-11-08,Detroit Pistons,Atlanta Hawks,Detroit Pistons,Detroit Pistons,1.0,2.0,1.0,True,122.0,121.0,121.5,119.5,2024-11-08,Detroit Pistons,Atlanta Hawks,Detroit Pistons,Atlanta Hawks,1.0,4.8,3.8,False,122.0,121.0,116.0,120.8
2024-11-08,Charlotte Hornets,Indiana Pacers,Charlotte Hornets,Charlotte Hornets,20.0,8.7,11.3,True,103.0,83.0,105.2,96.5,2024-11-08,Charlotte Hornets,Indiana Pacers,Charlotte Hornets,Charlotte Hornets,20.0,8.9,11.1,True,103.0,83.0,119.2,110.3
2024-11-08,Orlando Magic,New Orleans Pelicans,Orlando Magic,Orlando Magic,27.0,21.6,5.399999999999999,True,115.0,88.0,112.4,90.7,2024-11-08,Orlando Magic,New Orleans Pelicans,Orlando Magic,Orlando Magic,27.0,16.3,10.7,True,115.0,88.0,117.8,101.5
2024-11-07,San Antonio Spurs,Portland Trail Blazers,San Antonio Spurs,San Antonio Spurs,13.0,8.5,4.5,True,118.0,105.0,115.6,107.1,2024-11-07,San Antonio Spurs,Portland Trail Blazers,San Antonio Spurs,San Antonio Spurs,13.0,7.0,6.0,True,118.0,105.0,111.2,104.2
2024-11-07,Milwaukee Bucks,Utah Jazz,Milwaukee Bucks,Milwaukee Bucks,23.0,20.5,2.5,True,123.0,100.0,122.0,101.5,2024-11-07,Milwaukee Bucks,Utah Jazz,Milwaukee Bucks,Milwaukee Bucks,23.0,6.5,16.5,True,123.0,100.0,121.2,114.7
2024-11-07,Chicago Bulls,Minnesota Timberwolves,Minnesota Timberwolves,Minnesota Timberwolves,16.0,8.9,7.1,True,119.0,135.0,118.4,127.3,2024-11-07,Chicago Bulls,Minnesota Timberwolves,Minnesota Timberwolves,Minnesota Timberwolves,16.0,7.3,8.7,True,119.0,135.0,114.5,121.9
2024-11-06,Dallas Mavericks,Chicago Bulls,Dallas Mavericks,Dallas Mavericks,20.0,11.2,8.8,True,119.0,99.0,115.5,104.3,2024-11-06,Dallas Mavericks,Chicago Bulls,Dallas Mavericks,Dallas Mavericks,20.0,6.1,13.9,True,119.0,99.0,112.4,106.3
2024-11-06,Denver Nuggets,Oklahoma City Thunder,Denver Nuggets,Oklahoma City Thunder,2.0,2.8,0.7999999999999998,False,124.0,122.0,119.1,121.9,2024-11-06,Denver Nuggets,Oklahoma City Thunder,Denver Nuggets,Oklahoma City Thunder,2.0,4.4,2.4000000000000004,False,124.0,122.0,115.3,119.7
2024-11-06,Phoenix Suns,Miami Heat,Phoenix Suns,Phoenix Suns,3.0,2.3,0.7000000000000002,True,115.0,112.0,114.5,112.3,2024-11-06,Phoenix Suns,Miami Heat,Phoenix Suns,Miami Heat,3.0,0.5,2.5,False,115.0,112.0,113.5,114.0
2024-11-06,Los Angeles Clippers,Philadelphia 76ers,Los Angeles Clippers,Los Angeles Clippers,12.0,5.0,7.0,True,110.0,98.0,108.4,103.3,2024-11-06,Los Angeles Clippers,Philadelphia 76ers,Los Angeles Clippers,Los Angeles Clippers,12.0,2.6,9.4,True,110.0,98.0,112.8,110.2
2024-11-06,Houston Rockets,San Antonio Spurs,Houston Rockets,Houston Rockets,27.0,21.4,5.600000000000001,True,127.0,100.0,122.7,101.3,2024-11-06,Houston Rockets,San Antonio Spurs,Houston Rockets,Houston Rockets,27.0,13.6,13.4,True,127.0,100.0,115.4,101.8
2024-11-06,Memphis Grizzlies,Los Angeles Lakers,Memphis Grizzlies,Memphis Grizzlies,17.0,13.9,3.0999999999999996,True,131.0,114.0,123.0,109.1,2024-11-06,Memphis Grizzlies,Los Angeles Lakers,Memphis Grizzlies,Memphis Grizzlies,17.0,9.0,8.0,True,131.0,114.0,122.9,113.8
2024-11-06,New Orleans Pelicans,Cleveland Cavaliers,Cleveland Cavaliers,Cleveland Cavaliers,9.0,11.7,2.6999999999999993,True,122.0,131.0,119.2,130.9,2024-11-06,New Orleans Pelicans,Cleveland Cavaliers,Cleveland Cavaliers,Cleveland Cavaliers,9.0,12.8,3.8000000000000007,True,122.0,131.0,106.1,118.9
2024-11-06,Boston Celtics,Golden State Warriors,Golden State Warriors,Golden State Warriors,6.0,6.1,0.09999999999999964,True,112.0,118.0,114.8,121.0,2024-11-06,Boston Celtics,Golden State Warriors,Golden State Warriors,Golden State Warriors,6.0,6.8,0.7999999999999998,True,112.0,118.0,109.6,116.4
2024-11-06,Sacramento Kings,Toronto Raptors,Sacramento Kings,Sacramento Kings,15.0,8.8,6.199999999999999,True,122.0,107.0,121.5,112.7,2024-11-06,Sacramento Kings,Toronto Raptors,Sacramento Kings,Sacramento Kings,15.0,9.4,5.6,True,122.0,107.0,118.5,109.1
2024-11-06,Indiana Pacers,Orlando Magic,Indiana Pacers,Indiana Pacers,7.0,6.6,0.40000000000000036,True,118.0,111.0,116.9,110.3,2024-11-06,Indiana Pacers,Orlando Magic,Indiana Pacers,Indiana Pacers,7.0,16.4,9.399999999999999,True,118.0,111.0,120.2,103.8
2024-11-06,Charlotte Hornets,Detroit Pistons,Charlotte Hornets,Detroit Pistons,1.0,1.9,0.8999999999999999,False,108.0,107.0,109.8,111.7,2024-11-06,Charlotte Hornets,Detroit Pistons,Charlotte Hornets,Detroit Pistons,1.0,7.1,6.1,False,108.0,107.0,103.8,110.9
2024-11-06,Atlanta Hawks,New York Knicks,Atlanta Hawks,New York Knicks,5.0,0.5,4.5,False,121.0,116.0,116.4,116.8,2024-11-06,Atlanta Hawks,New York Knicks,Atlanta Hawks,New York Knicks,5.0,9.4,4.4,False,121.0,116.0,106.0,115.4
2024-11-04,Los Angeles Clippers,San Antonio Spurs,Los Angeles Clippers,Los Angeles Clippers,9.0,2.4,6.6,True,113.0,104.0,111.6,109.2,2024-11-04,Los Angeles Clippers,San Antonio Spurs,Los Angeles Clippers,San Antonio Spurs,9.0,2.8,6.2,False,113.0,104.0,102.5,105.3
2024-11-04,Oklahoma City Thunder,Orlando Magic,Oklahoma City Thunder,Oklahoma City Thunder,16.0,16.8,0.8000000000000007,True,102.0,86.0,103.8,87.0,2024-11-04,Oklahoma City Thunder,Orlando Magic,Oklahoma City Thunder,Oklahoma City Thunder,16.0,16.2,0.1999999999999993,True,102.0,86.0,113.8,97.5
2024-11-04,Minnesota Timberwolves,Charlotte Hornets,Minnesota Timberwolves,Minnesota Timberwolves,21.0,14.2,6.800000000000001,True,114.0,93.0,115.7,101.5,2024-11-04,Minnesota Timberwolves,Charlotte Hornets,Minnesota Timberwolves,Minnesota Timberwolves,21.0,11.3,9.7,True,114.0,93.0,123.9,112.6
2024-11-04,New Orleans Pelicans,Portland Trail Blazers,Portland Trail Blazers,Portland Trail Blazers,18.0,11.7,6.300000000000001,True,100.0,118.0,103.7,115.3,2024-11-04,New Orleans Pelicans,Portland Trail Blazers,Portland Trail Blazers,Portland Trail Blazers,18.0,8.1,9.9,True,100.0,118.0,102.7,110.8
2024-11-04,Dallas Mavericks,Indiana Pacers,Indiana Pacers,Dallas Mavericks,7.0,0.3,6.7,False,127.0,134.0,126.4,126.1,2024-11-04,Dallas Mavericks,Indiana Pacers,Indiana Pacers,Dallas Mavericks,7.0,4.6,2.4000000000000004,False,127.0,134.0,118.6,114.0
2024-11-04,Denver Nuggets,Toronto Raptors,Denver Nuggets,Denver Nuggets,2.0,5.7,3.7,True,121.0,119.0,120.5,114.8,2024-11-04,Denver Nuggets,Toronto Raptors,Denver Nuggets,Denver Nuggets,2.0,5.6,3.5999999999999996,True,121.0,119.0,121.9,116.3
2024-11-04,Phoenix Suns,Philadelphia 76ers,Phoenix Suns,Phoenix Suns,2.0,3.3,1.2999999999999998,True,118.0,116.0,118.4,115.1,2024-11-04,Phoenix Suns,Philadelphia 76ers,Phoenix Suns,Phoenix Suns,2.0,4.8,2.8,True,118.0,116.0,120.5,115.6
2024-11-04,Brooklyn Nets,Memphis Grizzlies,Brooklyn Nets,Memphis Grizzlies,2.0,0.5,1.5,False,106.0,104.0,106.9,107.4,2024-11-04,Brooklyn Nets,Memphis Grizzlies,Brooklyn Nets,Memphis Grizzlies,2.0,3.8,1.7999999999999998,False,106.0,104.0,110.5,114.3
2024-11-04,Chicago Bulls,Utah Jazz,Utah Jazz,Utah Jazz,9.0,6.5,2.5,True,126.0,135.0,126.1,132.6,2024-11-04,Chicago Bulls,Utah Jazz,Utah Jazz,Chicago Bulls,9.0,3.2,5.8,False,126.0,135.0,117.2,114.0
2024-11-04,Miami Heat,Sacramento Kings,Sacramento Kings,Sacramento Kings,1.0,2.8,1.7999999999999998,True,110.0,111.0,109.8,112.6,2024-11-04,Miami Heat,Sacramento Kings,Sacramento Kings,Sacramento Kings,1.0,5.3,4.3,True,110.0,111.0,113.2,118.5
2024-11-04,Atlanta Hawks,Boston Celtics,Boston Celtics,Boston Celtics,30.0,22.4,7.600000000000001,True,93.0,123.0,98.4,120.7,2024-11-04,Atlanta Hawks,Boston Celtics,Boston Celtics,Boston Celtics,30.0,8.2,21.8,True,93.0,123.0,110.6,118.8
2024-11-04,Detroit Pistons,Los Angeles Lakers,Detroit Pistons,Detroit Pistons,12.0,8.8,3.1999999999999993,True,115.0,103.0,112.6,103.7,2024-11-04,Detroit Pistons,Los Angeles Lakers,Detroit Pistons,Los Angeles Lakers,12.0,1.8,10.2,False,115.0,103.0,115.0,116.8
2024-11-04,Washington Wizards,Golden State Warriors,Golden State Warriors,Golden State Warriors,13.0,18.2,5.199999999999999,True,112.0,125.0,108.0,126.2,2024-11-04,Washington Wizards,Golden State Warriors,Golden State Warriors,Golden State Warriors,13.0,15.7,2.6999999999999993,True,112.0,125.0,103.9,119.6
2024-11-04,Cleveland Cavaliers,Milwaukee Bucks,Cleveland Cavaliers,Cleveland Cavaliers,2.0,12.2,10.2,True,116.0,114.0,125.2,113.0,2024-11-04,Cleveland Cavaliers,Milwaukee Bucks,Cleveland Cavaliers,Cleveland Cavaliers,2.0,14.8,12.8,True,116.0,114.0,123.9,109.1
2024-11-04,Houston Rockets,New York Knicks,Houston Rockets,Houston Rockets,12.0,9.5,2.5,True,109.0,97.0,110.0,100.5,2024-11-04,Houston Rockets,New York Knicks,Houston Rockets,New York Knicks,12.0,1.0,11.0,False,109.0,97.0,115.9,116.9
2024-11-03,Dallas Mavericks,Orlando Magic,Dallas Mavericks,Dallas Mavericks,23.0,15.1,7.9,True,108.0,85.0,106.1,90.9,2024-11-03,Dallas Mavericks,Orlando Magic,Dallas Mavericks,Dallas Mavericks,23.0,8.5,14.5,True,108.0,85.0,115.1,106.6
2024-11-03,New Orleans Pelicans,Atlanta Hawks,Atlanta Hawks,Atlanta Hawks,15.0,11.9,3.0999999999999996,True,111.0,126.0,112.4,124.3,2024-11-03,New Orleans Pelicans,Atlanta Hawks,Atlanta Hawks,New Orleans Pelicans,15.0,3.1,11.9,False,111.0,126.0,119.8,116.8
2024-11-03,Brooklyn Nets,Detroit Pistons,Detroit Pistons,Detroit Pistons,14.0,5.6,8.4,True,92.0,106.0,101.2,106.8,2024-11-03,Brooklyn Nets,Detroit Pistons,Detroit Pistons,Brooklyn Nets,14.0,5.3,8.7,False,92.0,106.0,114.2,108.9
2024-11-02,Toronto Raptors,Sacramento Kings,Toronto Raptors,Sacramento Kings,3.0,1.8,1.2,False,131.0,128.0,125.6,127.4,2024-11-02,Toronto Raptors,Sacramento Kings,Toronto Raptors,Toronto Raptors,3.0,4.2,1.2000000000000002,True,131.0,128.0,119.9,115.8
2024-11-02,Washington Wizards,Miami Heat,Miami Heat,Miami Heat,20.0,14.3,5.699999999999999,True,98.0,118.0,100.6,114.9,2024-11-02,Washington Wizards,Miami Heat,Miami Heat,Miami Heat,20.0,0.3,19.7,True,98.0,118.0,110.1,110.5
2024-11-02,Milwaukee Bucks,Cleveland Cavaliers,Cleveland Cavaliers,Milwaukee Bucks,1.0,0.2,0.8,False,113.0,114.0,114.1,113.9,2024-11-02,Milwaukee Bucks,Cleveland Cavaliers,Cleveland Cavaliers,Cleveland Cavaliers,1.0,0.6,0.4,True,113.0,114.0,121.0,121.6
2024-11-02,San Antonio Spurs,Minnesota Timberwolves,San Antonio Spurs,San Antonio Spurs,10.0,9.4,0.5999999999999996,True,113.0,103.0,111.3,101.9,2024-11-02,San Antonio Spurs,Minnesota Timberwolves,San Antonio Spurs,San Antonio Spurs,10.0,11.2,1.1999999999999993,True,113.0,103.0,116.6,105.4
2024-11-02,Philadelphia 76ers,Memphis Grizzlies,Memphis Grizzlies,Memphis Grizzlies,17.0,11.2,5.800000000000001,True,107.0,124.0,109.5,120.7,2024-11-02,Philadelphia 76ers,Memphis Grizzlies,Memphis Grizzlies,Memphis Grizzlies,17.0,4.7,12.3,True,107.0,124.0,105.4,110.1
2024-11-02,Houston Rockets,Golden State Warriors,Golden State Warriors,Golden State Warriors,6.0,8.3,2.3000000000000007,True,121.0,127.0,122.3,130.6,2024-11-02,Houston Rockets,Golden State Warriors,Golden State Warriors,Golden State Warriors,6.0,6.5,0.5,True,121.0,127.0,118.5,125.0
2024-11-02,Phoenix Suns,Portland Trail Blazers,Phoenix Suns,Phoenix Suns,6.0,7.0,1.0,True,103.0,97.0,105.3,98.3,2024-11-02,Phoenix Suns,Portland Trail Blazers,Phoenix Suns,Phoenix Suns,6.0,8.1,2.0999999999999996,True,103.0,97.0,111.0,103.0
2024-11-02,Denver Nuggets,Utah Jazz,Denver Nuggets,Denver Nuggets,26.0,22.8,3.1999999999999993,True,129.0,103.0,125.8,103.0,2024-11-02,Denver Nuggets,Utah Jazz,Denver Nuggets,Denver Nuggets,26.0,14.5,11.5,True,129.0,103.0,121.1,106.6
2024-11-02,Los Angeles Clippers,Oklahoma City Thunder,Oklahoma City Thunder,Oklahoma City Thunder,13.0,12.3,0.6999999999999993,True,92.0,105.0,95.3,107.6,2024-11-02,Los Angeles Clippers,Oklahoma City Thunder,Oklahoma City Thunder,Oklahoma City Thunder,13.0,4.1,8.9,True,92.0,105.0,112.3,116.4
2024-11-02,Charlotte Hornets,Boston Celtics,Boston Celtics,Boston Celtics,10.0,10.3,0.3000000000000007,True,103.0,113.0,102.7,113.0,2024-11-02,Charlotte Hornets,Boston Celtics,Boston Celtics,Boston Celtics,10.0,4.8,5.2,True,103.0,113.0,119.3,124.2
2024-11-01,Charlotte Hornets,Boston Celtics,Boston Celtics,Boston Celtics,15.0,11.7,3.3000000000000007,True,109.0,124.0,108.9,120.5,2024-11-01,Charlotte Hornets,Boston Celtics,Boston Celtics,Boston Celtics,15.0,5.7,9.3,True,109.0,124.0,120.9,126.6
2024-11-01,Portland Trail Blazers,Oklahoma City Thunder,Oklahoma City Thunder,Oklahoma City Thunder,23.0,15.4,7.6,True,114.0,137.0,115.9,131.3,2024-11-01,Portland Trail Blazers,Oklahoma City Thunder,Oklahoma City Thunder,Oklahoma City Thunder,23.0,4.6,18.4,True,114.0,137.0,113.9,118.5
2024-11-01,Minnesota Timberwolves,Denver Nuggets,Minnesota Timberwolves,Minnesota Timberwolves,3.0,1.8,1.2,True,119.0,116.0,121.1,119.3,2024-11-01,Minnesota Timberwolves,Denver Nuggets,Minnesota Timberwolves,Minnesota Timberwolves,3.0,6.7,3.7,True,119.0,116.0,121.0,114.3
2024-11-01,New Orleans Pelicans,Indiana Pacers,New Orleans Pelicans,New Orleans Pelicans,7.0,9.2,2.1999999999999993,True,125.0,118.0,125.1,115.9,2024-11-01,New Orleans Pelicans,Indiana Pacers,New Orleans Pelicans,New Orleans Pelicans,7.0,7.9,0.9000000000000004,True,125.0,118.0,119.7,111.8
2024-11-01,Toronto Raptors,Los Angeles Lakers,Los Angeles Lakers,Toronto Raptors,6.0,0.8,5.2,False,125.0,131.0,124.0,123.2,2024-11-01,Toronto Raptors,Los Angeles Lakers,Los Angeles Lakers,Toronto Raptors,6.0,9.0,3.0,False,125.0,131.0,117.9,108.9
2024-11-01,Brooklyn Nets,Chicago Bulls,Brooklyn Nets,Brooklyn Nets,8.0,9.0,1.0,True,120.0,112.0,118.8,109.8,2024-11-01,Brooklyn Nets,Chicago Bulls,Brooklyn Nets,Chicago Bulls,8.0,4.1,3.9000000000000004,False,120.0,112.0,119.6,123.7
2024-11-01,Atlanta Hawks,Sacramento Kings,Sacramento Kings,Sacramento Kings,8.0,11.2,3.1999999999999993,True,115.0,123.0,115.3,126.5,2024-11-01,Atlanta Hawks,Sacramento Kings,Sacramento Kings,Atlanta Hawks,8.0,0.5,7.5,False,115.0,123.0,117.1,116.6
2024-11-01,Detroit Pistons,New York Knicks,New York Knicks,New York Knicks,30.0,20.4,9.600000000000001,True,98.0,128.0,103.1,123.5,2024-11-01,Detroit Pistons,New York Knicks,New York Knicks,New York Knicks,30.0,8.6,21.4,True,98.0,128.0,112.3,120.9
2024-11-01,Cleveland Cavaliers,Orlando Magic,Cleveland Cavaliers,Cleveland Cavaliers,11.0,11.4,0.40000000000000036,True,120.0,109.0,119.6,108.2,2024-11-01,Cleveland Cavaliers,Orlando Magic,Cleveland Cavaliers,Cleveland Cavaliers,11.0,14.3,3.3000000000000007,True,120.0,109.0,122.0,107.7
2024-10-31,Memphis Grizzlies,Milwaukee Bucks,Memphis Grizzlies,Memphis Grizzlies,23.0,14.0,9.0,True,122.0,99.0,119.1,105.1,2024-10-31,Memphis Grizzlies,Milwaukee Bucks,Memphis Grizzlies,Memphis Grizzlies,23.0,13.7,9.3,True,122.0,99.0,119.8,106.1
2024-10-31,Los Angeles Clippers,Phoenix Suns,Phoenix Suns,Phoenix Suns,6.0,4.7,1.2999999999999998,True,119.0,125.0,117.6,122.3,2024-10-31,Los Angeles Clippers,Phoenix Suns,Phoenix Suns,Phoenix Suns,6.0,3.8,2.2,True,119.0,125.0,120.4,124.1
2024-10-31,Dallas Mavericks,Houston Rockets,Houston Rockets,Houston Rockets,6.0,5.4,0.5999999999999996,True,102.0,108.0,102.0,107.4,2024-10-31,Dallas Mavericks,Houston Rockets,Houston Rockets,Dallas Mavericks,6.0,2.1,3.9,False,102.0,108.0,112.1,110.1
2024-10-31,Utah Jazz,San Antonio Spurs,San Antonio Spurs,San Antonio Spurs,18.0,17.2,0.8000000000000007,True,88.0,106.0,91.1,108.3,2024-10-31,Utah Jazz,San Antonio Spurs,San Antonio Spurs,San Antonio Spurs,18.0,9.7,8.3,True,88.0,106.0,98.0,107.7
2024-10-30,Indiana Pacers,Boston Celtics,Indiana Pacers,Indiana Pacers,3.0,3.4,0.3999999999999999,True,135.0,132.0,132.4,129.0,2024-10-30,Indiana Pacers,Boston Celtics,Indiana Pacers,Indiana Pacers,3.0,1.0,2.0,True,135.0,132.0,120.5,119.5
2024-10-30,Oklahoma City Thunder,San Antonio Spurs,Oklahoma City Thunder,Oklahoma City Thunder,12.0,15.4,3.4000000000000004,True,105.0,93.0,109.8,94.3,2024-10-30,Oklahoma City Thunder,San Antonio Spurs,Oklahoma City Thunder,Oklahoma City Thunder,12.0,11.7,0.3000000000000007,True,105.0,93.0,114.0,102.2
2024-10-30,Golden State Warriors,New Orleans Pelicans,Golden State Warriors,Golden State Warriors,15.0,17.0,2.0,True,104.0,89.0,109.0,92.0,2024-10-30,Golden State Warriors,New Orleans Pelicans,Golden State Warriors,Golden State Warriors,15.0,3.0,12.0,True,104.0,89.0,112.3,109.3
2024-10-30,Philadelphia 76ers,Detroit Pistons,Detroit Pistons,Detroit Pistons,10.0,10.8,0.8000000000000007,True,95.0,105.0,99.1,109.9,2024-10-30,Philadelphia 76ers,Detroit Pistons,Detroit Pistons,Detroit Pistons,10.0,8.7,1.3000000000000007,True,95.0,105.0,102.9,111.6
2024-10-30,Washington Wizards,Atlanta Hawks,Washington Wizards,Washington Wizards,13.0,8.7,4.300000000000001,True,133.0,120.0,130.3,121.6,2024-10-30,Washington Wizards,Atlanta Hawks,Washington Wizards,Washington Wizards,13.0,14.6,1.5999999999999996,True,133.0,120.0,121.0,106.4
2024-10-30,Los Angeles Clippers,Portland Trail Blazers,Portland Trail Blazers,Los Angeles Clippers,1.0,4.4,3.4000000000000004,False,105.0,106.0,104.7,100.4,2024-10-30,Los Angeles Clippers,Portland Trail Blazers,Portland Trail Blazers,Los Angeles Clippers,1.0,5.8,4.8,False,105.0,106.0,114.3,108.5
2024-10-30,Cleveland Cavaliers,Los Angeles Lakers,Cleveland Cavaliers,Cleveland Cavaliers,24.0,18.1,5.899999999999999,True,134.0,110.0,129.9,111.8,2024-10-30,Cleveland Cavaliers,Los Angeles Lakers,Cleveland Cavaliers,Cleveland Cavaliers,24.0,12.3,11.7,True,134.0,110.0,118.1,105.8
2024-10-30,Charlotte Hornets,Toronto Raptors,Charlotte Hornets,Charlotte Hornets,5.0,0.5,4.5,True,138.0,133.0,131.0,130.5,2024-10-30,Charlotte Hornets,Toronto Raptors,Charlotte Hornets,Charlotte Hornets,5.0,1.0,4.0,True,138.0,133.0,115.9,114.9
2024-10-30,Miami Heat,New York Knicks,New York Knicks,New York Knicks,9.0,4.8,4.2,True,107.0,116.0,109.6,114.4,2024-10-30,Miami Heat,New York Knicks,New York Knicks,New York Knicks,9.0,5.1,3.9000000000000004,True,107.0,116.0,118.2,123.2
2024-10-30,Chicago Bulls,Orlando Magic,Chicago Bulls,Chicago Bulls,3.0,1.5,1.5,True,102.0,99.0,100.8,99.2,2024-10-30,Chicago Bulls,Orlando Magic,Chicago Bulls,Orlando Magic,3.0,6.8,3.8,False,102.0,99.0,105.7,112.4
2024-10-30,Memphis Grizzlies,Brooklyn Nets,Brooklyn Nets,Brooklyn Nets,13.0,9.4,3.5999999999999996,True,106.0,119.0,107.7,117.1,2024-10-30,Memphis Grizzlies,Brooklyn Nets,Brooklyn Nets,Memphis Grizzlies,13.0,2.5,10.5,False,106.0,119.0,116.8,114.4
2024-10-29,Minnesota Timberwolves,Dallas Mavericks,Dallas Mavericks,Dallas Mavericks,6.0,0.1,5.9,True,114.0,120.0,116.5,116.6,2024-10-29,Minnesota Timberwolves,Dallas Mavericks,Dallas Mavericks,Minnesota Timberwolves,6.0,6.3,0.2999999999999998,False,114.0,120.0,117.9,111.6
2024-10-29,Golden State Warriors,New Orleans Pelicans,Golden State Warriors,Golden State Warriors,18.0,16.7,1.3000000000000007,True,124.0,106.0,122.0,105.4,2024-10-29,Golden State Warriors,New Orleans Pelicans,Golden State Warriors,Golden State Warriors,18.0,2.9,15.1,True,124.0,106.0,111.4,108.6
2024-10-29,Utah Jazz,Sacramento Kings,Sacramento Kings,Sacramento Kings,17.0,15.6,1.4000000000000004,True,96.0,113.0,96.8,112.3,2024-10-29,Utah Jazz,Sacramento Kings,Sacramento Kings,Sacramento Kings,17.0,13.0,4.0,True,96.0,113.0,100.6,113.6
2024-10-29,Brooklyn Nets,Denver Nuggets,Denver Nuggets,Denver Nuggets,5.0,6.0,1.0,True,139.0,144.0,137.3,143.3,2024-10-29,Brooklyn Nets,Denver Nuggets,Denver Nuggets,Brooklyn Nets,5.0,0.0,5.0,False,139.0,144.0,121.3,121.2
2024-10-28,New York Knicks,Cleveland Cavaliers,Cleveland Cavaliers,New York Knicks,6.0,2.6,3.4,False,104.0,110.0,111.8,109.2,2024-10-28,New York Knicks,Cleveland Cavaliers,Cleveland Cavaliers,New York Knicks,6.0,2.6,3.4,False,104.0,110.0,116.4,113.8
2024-10-28,Orlando Magic,Indiana Pacers,Orlando Magic,Orlando Magic,4.0,6.4,2.4000000000000004,True,119.0,115.0,117.8,111.4,2024-10-28,Orlando Magic,Indiana Pacers,Orlando Magic,Orlando Magic,4.0,18.1,14.100000000000001,True,119.0,115.0,121.1,103.0
2024-10-28,Atlanta Hawks,Washington Wizards,Washington Wizards,Washington Wizards,2.0,0.6,1.4,True,119.0,121.0,119.9,120.5,2024-10-28,Atlanta Hawks,Washington Wizards,Washington Wizards,Atlanta Hawks,2.0,3.1,1.1,False,119.0,121.0,117.9,114.8
2024-10-28,Boston Celtics,Milwaukee Bucks,Boston Celtics,Boston Celtics,11.0,11.6,0.5999999999999996,True,119.0,108.0,116.8,105.3,2024-10-28,Boston Celtics,Milwaukee Bucks,Boston Celtics,Boston Celtics,11.0,11.9,0.9000000000000004,True,119.0,108.0,118.9,107.1
2024-10-28,Toronto Raptors,Denver Nuggets,Denver Nuggets,Denver Nuggets,2.0,3.0,1.0,True,125.0,127.0,125.5,128.5,2024-10-28,Toronto Raptors,Denver Nuggets,Denver Nuggets,Toronto Raptors,2.0,14.0,12.0,False,125.0,127.0,120.7,106.7
2024-10-28,Miami Heat,Detroit Pistons,Miami Heat,Miami Heat,8.0,10.6,2.5999999999999996,True,106.0,98.0,109.1,98.5,2024-10-28,Miami Heat,Detroit Pistons,Miami Heat,Miami Heat,8.0,4.7,3.3,True,106.0,98.0,111.8,107.1
2024-10-28,Dallas Mavericks,Utah Jazz,Dallas Mavericks,Dallas Mavericks,8.0,10.3,2.3000000000000007,True,110.0,102.0,110.9,100.5,2024-10-28,Dallas Mavericks,Utah Jazz,Dallas Mavericks,Dallas Mavericks,8.0,10.9,2.9000000000000004,True,110.0,102.0,115.8,104.9
2024-10-28,Phoenix Suns,Los Angeles Lakers,Phoenix Suns,Phoenix Suns,4.0,6.6,2.5999999999999996,True,109.0,105.0,111.0,104.4,2024-10-28,Phoenix Suns,Los Angeles Lakers,Phoenix Suns,Phoenix Suns,4.0,9.6,5.6,True,109.0,105.0,112.7,103.1
2024-10-28,San Antonio Spurs,Houston Rockets,Houston Rockets,Houston Rockets,5.0,2.9,2.1,True,101.0,106.0,103.8,106.7,2024-10-28,San Antonio Spurs,Houston Rockets,Houston Rockets,San Antonio Spurs,5.0,5.7,0.7000000000000002,False,101.0,106.0,112.5,106.9
2024-10-28,Memphis Grizzlies,Chicago Bulls,Chicago Bulls,Memphis Grizzlies,3.0,2.5,0.5,False,123.0,126.0,122.8,120.3,2024-10-28,Memphis Grizzlies,Chicago Bulls,Chicago Bulls,Chicago Bulls,3.0,7.6,4.6,True,123.0,126.0,121.1,128.8
2024-10-28,Sacramento Kings,Portland Trail Blazers,Sacramento Kings,Sacramento Kings,13.0,14.8,1.8000000000000007,True,111.0,98.0,113.4,98.6,2024-10-28,Sacramento Kings,Portland Trail Blazers,Sacramento Kings,Sacramento Kings,13.0,15.2,2.1999999999999993,True,111.0,98.0,116.3,101.1
2024-10-27,Golden State Warriors,Los Angeles Clippers,Los Angeles Clippers,Los Angeles Clippers,8.0,9.5,1.5,True,104.0,112.0,103.1,112.6,,,,,,,,,,,,,
2024-10-27,Brooklyn Nets,Milwaukee Bucks,Brooklyn Nets,Brooklyn Nets,13.0,17.6,4.600000000000001,True,115.0,102.0,114.0,96.4,,,,,,,,,,,,,
2024-10-27,Portland Trail Blazers,New Orleans Pelicans,Portland Trail Blazers,Portland Trail Blazers,22.0,17.6,4.399999999999999,True,125.0,103.0,122.3,104.7,,,,,,,,,,,,,
2024-10-27,Indiana Pacers,Philadelphia 76ers,Philadelphia 76ers,Philadelphia 76ers,4.0,0.6,3.4,True,114.0,118.0,115.0,115.6,,,,,,,,,,,,,
2024-10-27,Oklahoma City Thunder,Atlanta Hawks,Oklahoma City Thunder,Oklahoma City Thunder,24.0,27.7,3.6999999999999993,True,128.0,104.0,127.4,99.7,,,,,,,,,,,,,
2024-10-26,Washington Wizards,Cleveland Cavaliers,Cleveland Cavaliers,Cleveland Cavaliers,19.0,23.1,4.100000000000001,True,116.0,135.0,118.2,141.4,,,,,,,,,,,,,
2024-10-26,Phoenix Suns,Dallas Mavericks,Phoenix Suns,Phoenix Suns,12.0,10.3,1.6999999999999993,True,114.0,102.0,113.1,102.7,,,,,,,,,,,,,
2024-10-26,Minnesota Timberwolves,Toronto Raptors,Minnesota Timberwolves,Minnesota Timberwolves,11.0,9.0,2.0,True,112.0,101.0,110.4,101.4,,,,,,,,,,,,,
2024-10-26,Chicago Bulls,Oklahoma City Thunder,Oklahoma City Thunder,Oklahoma City Thunder,19.0,25.0,6.0,True,95.0,114.0,86.8,111.8,,,,,,,,,,,,,
2024-10-26,San Antonio Spurs,Houston Rockets,San Antonio Spurs,San Antonio Spurs,3.0,4.2,1.2000000000000002,True,109.0,106.0,110.1,105.9,,,,,,,,,,,,,
2024-10-26,Memphis Grizzlies,Orlando Magic,Memphis Grizzlies,Memphis Grizzlies,13.0,12.1,0.9000000000000004,True,124.0,111.0,125.0,112.9,,,,,,,,,,,,,
2024-10-26,Los Angeles Lakers,Sacramento Kings,Los Angeles Lakers,Los Angeles Lakers,4.0,7.5,3.5,True,131.0,127.0,128.9,121.5,,,,,,,,,,,,,
2024-10-26,Detroit Pistons,Boston Celtics,Boston Celtics,Boston Celtics,6.0,0.0,6.0,True,118.0,124.0,119.3,119.4,,,,,,,,,,,,,
2024-10-26,Charlotte Hornets,Miami Heat,Miami Heat,Miami Heat,8.0,8.4,0.40000000000000036,True,106.0,114.0,106.2,114.6,,,,,,,,,,,,,
2024-10-26,Denver Nuggets,Los Angeles Clippers,Los Angeles Clippers,Los Angeles Clippers,5.0,5.4,0.40000000000000036,True,104.0,109.0,105.8,111.2,,,,,,,,,,,,,
2024-10-25,Milwaukee Bucks,Chicago Bulls,Chicago Bulls,Chicago Bulls,11.0,8.9,2.0999999999999996,True,122.0,133.0,120.2,129.1,,,,,,,,,,,,,
2024-10-25,New York Knicks,Indiana Pacers,New York Knicks,New York Knicks,25.0,28.7,3.6999999999999993,True,123.0,98.0,122.7,94.0,,,,,,,,,,,,,
2024-10-25,Utah Jazz,Golden State Warriors,Golden State Warriors,Golden State Warriors,41.0,38.9,2.1000000000000014,True,86.0,127.0,87.2,126.1,,,,,,,,,,,,,
2024-10-25,Houston Rockets,Memphis Grizzlies,Houston Rockets,Houston Rockets,20.0,17.1,2.8999999999999986,True,128.0,108.0,127.2,110.1,,,,,,,,,,,,,
2024-10-25,Los Angeles Lakers,Phoenix Suns,Los Angeles Lakers,Los Angeles Lakers,7.0,8.1,1.0999999999999996,True,123.0,116.0,121.1,112.9,,,,,,,,,,,,,
2024-10-25,Cleveland Cavaliers,Detroit Pistons,Cleveland Cavaliers,Cleveland Cavaliers,12.0,9.1,2.9000000000000004,True,113.0,101.0,113.4,104.3,,,,,,,,,,,,,
2024-10-25,Atlanta Hawks,Charlotte Hornets,Atlanta Hawks,Atlanta Hawks,5.0,4.9,0.09999999999999964,True,125.0,120.0,128.1,123.2,,,,,,,,,,,,,
2024-10-25,Orlando Magic,Brooklyn Nets,Orlando Magic,Orlando Magic,15.0,12.4,2.5999999999999996,True,116.0,101.0,114.9,102.4,,,,,,,,,,,,,
2024-10-25,Toronto Raptors,Philadelphia 76ers,Toronto Raptors,Toronto Raptors,8.0,6.2,1.7999999999999998,True,115.0,107.0,115.9,109.7,,,,,,,,,,,,,
2024-10-25,Portland Trail Blazers,New Orleans Pelicans,New Orleans Pelicans,New Orleans Pelicans,2.0,0.4,1.6,True,103.0,105.0,104.8,105.2,,,,,,,,,,,,,
