Date,Away,PredictedAwayPoints,Home,PredictedHomePoints,PredictedWinner,PredictedSpread
2024-12-02,New Orleans Pelicans,106.8,Atlanta Hawks,109.2,Atlanta Hawks,2.4
2024-12-02,Miami Heat,110.4,Boston Celtics,117.7,Boston Celtics,7.4
2024-12-02,Brooklyn Nets,128.5,Chicago Bulls,127.5,Brooklyn Nets,1.0
2024-12-02,Los Angeles Lakers,98.4,Minnesota Timberwolves,101.3,Minnesota Timberwolves,2.9
2024-12-03,Portland Trail Blazers,103.4,Los Angeles Clippers,109.3,Los Angeles Clippers,5.9
2024-12-03,Houston Rockets,117.7,Sacramento Kings,102.3,Houston Rockets,15.3
2024-12-03,San Antonio Spurs,118.6,Phoenix Suns,119.9,Phoenix Suns,1.3
2024-12-03,Memphis Grizzlies,130.1,Dallas Mavericks,120.1,Memphis Grizzlies,10.0
2024-12-03,Utah Jazz,109.2,Oklahoma City Thunder,122.2,Oklahoma City Thunder,13.0
2024-12-03,Golden State Warriors,111.1,Denver Nuggets,107.0,Golden State Warriors,4.1
2024-12-03,Orlando Magic,101.9,New York Knicks,113.3,New York Knicks,11.4
2024-12-03,Milwaukee Bucks,115.1,Detroit Pistons,100.3,Milwaukee Bucks,14.7
2024-12-03,Washington Wizards,115.7,Cleveland Cavaliers,131.8,Cleveland Cavaliers,16.1
2024-12-03,Philadelphia 76ers,94.2,Charlotte Hornets,92.9,Philadelphia 76ers,1.3
2024-12-03,Indiana Pacers,119.2,Toronto Raptors,129.2,Toronto Raptors,10.1
2024-12-04,Detroit Pistons,112.8,Boston Celtics,123.6,Boston Celtics,10.7
2024-12-04,Indiana Pacers,113.1,Brooklyn Nets,105.3,Indiana Pacers,7.8
2024-12-04,Los Angeles Lakers,98.6,Miami Heat,101.4,Miami Heat,2.8
2024-12-04,Orlando Magic,98.1,Philadelphia 76ers,91.1,Orlando Magic,7.0
2024-12-04,Atlanta Hawks,115.4,Milwaukee Bucks,123.8,Milwaukee Bucks,8.4
2024-12-04,Minnesota Timberwolves,104.9,Los Angeles Clippers,104.6,Minnesota Timberwolves,0.3
2024-12-05,Phoenix Suns,118.4,New Orleans Pelicans,96.3,Phoenix Suns,22.0
2024-12-05,Houston Rockets,115.3,Golden State Warriors,109.6,Houston Rockets,5.7
2024-12-05,Chicago Bulls,121.0,San Antonio Spurs,120.0,Chicago Bulls,1.0
2024-12-05,Sacramento Kings,119.0,Memphis Grizzlies,125.9,Memphis Grizzlies,6.8
2024-12-05,Charlotte Hornets,105.2,New York Knicks,119.0,New York Knicks,13.8
2024-12-05,Dallas Mavericks,123.1,Washington Wizards,107.1,Dallas Mavericks,15.9
2024-12-05,Denver Nuggets,126.3,Cleveland Cavaliers,134.2,Cleveland Cavaliers,7.9
2024-12-05,Oklahoma City Thunder,123.3,Toronto Raptors,118.1,Oklahoma City Thunder,5.2
2024-12-06,Minnesota Timberwolves,117.4,Golden State Warriors,111.3,Minnesota Timberwolves,6.1
2024-12-06,Orlando Magic,98.1,Philadelphia 76ers,91.1,Orlando Magic,7.0
2024-12-06,Los Angeles Lakers,108.8,Atlanta Hawks,111.3,Atlanta Hawks,2.5
2024-12-06,Milwaukee Bucks,115.0,Boston Celtics,116.8,Boston Celtics,1.8
2024-12-06,Indiana Pacers,123.4,Chicago Bulls,123.4,Indiana Pacers,0.0
2024-12-06,Sacramento Kings,119.9,San Antonio Spurs,111.9,Sacramento Kings,8.1
2024-12-06,Utah Jazz,119.1,Portland Trail Blazers,116.8,Utah Jazz,2.3
2024-12-07,Memphis Grizzlies,120.3,Boston Celtics,123.1,Boston Celtics,2.8
2024-12-07,Dallas Mavericks,121.6,Toronto Raptors,119.4,Dallas Mavericks,2.2
2024-12-07,Detroit Pistons,108.6,New York Knicks,124.9,New York Knicks,16.3
2024-12-07,Cleveland Cavaliers,106.5,Charlotte Hornets,101.6,Cleveland Cavaliers,4.9
2024-12-07,Oklahoma City Thunder,118.3,New Orleans Pelicans,88.6,Oklahoma City Thunder,29.8
2024-12-07,Phoenix Suns,115.8,Miami Heat,113.8,Phoenix Suns,2.1
2024-12-07,Denver Nuggets,122.7,Washington Wizards,100.5,Denver Nuggets,22.2
2024-12-08,Minnesota Timberwolves,117.4,Golden State Warriors,111.3,Minnesota Timberwolves,6.1
2024-12-08,Memphis Grizzlies,126.4,Washington Wizards,98.6,Memphis Grizzlies,27.7
2024-12-08,Utah Jazz,120.8,Sacramento Kings,119.4,Utah Jazz,1.4
2024-12-08,Houston Rockets,103.6,Los Angeles Clippers,100.6,Houston Rockets,3.1
2024-12-08,New Orleans Pelicans,107.7,San Antonio Spurs,106.9,New Orleans Pelicans,0.8
2024-12-08,Portland Trail Blazers,109.2,Los Angeles Lakers,104.9,Portland Trail Blazers,4.3
2024-12-08,Cleveland Cavaliers,131.8,Miami Heat,122.9,Cleveland Cavaliers,8.9
2024-12-08,Denver Nuggets,127.8,Atlanta Hawks,117.7,Denver Nuggets,10.0
2024-12-08,Charlotte Hornets,118.1,Indiana Pacers,105.0,Charlotte Hornets,13.1
2024-12-08,Milwaukee Bucks,120.5,Brooklyn Nets,102.4,Milwaukee Bucks,18.0
2024-12-08,Philadelphia 76ers,125.4,Chicago Bulls,116.9,Philadelphia 76ers,8.5
2024-12-08,Phoenix Suns,108.0,Orlando Magic,102.6,Phoenix Suns,5.4
2024-12-09,New York Knicks,128.0,Toronto Raptors,121.0,New York Knicks,7.0
2024-12-19,Los Angeles Lakers,115.5,Sacramento Kings,113.9,Los Angeles Lakers,1.6
2024-12-19,Denver Nuggets,129.3,Portland Trail Blazers,123.3,Denver Nuggets,6.0
2024-12-19,New York Knicks,110.4,Minnesota Timberwolves,109.0,New York Knicks,1.4
2024-12-19,Indiana Pacers,117.6,Phoenix Suns,123.4,Phoenix Suns,5.8
2024-12-19,Los Angeles Clippers,122.9,Dallas Mavericks,107.2,Los Angeles Clippers,15.7
2024-12-19,Atlanta Hawks,119.7,San Antonio Spurs,119.2,Atlanta Hawks,0.5
2024-12-19,Golden State Warriors,103.9,Memphis Grizzlies,118.4,Memphis Grizzlies,14.5
2024-12-19,Brooklyn Nets,117.2,Toronto Raptors,125.9,Toronto Raptors,8.7
2024-12-19,Chicago Bulls,121.9,Boston Celtics,128.5,Boston Celtics,6.6
2024-12-19,Charlotte Hornets,122.1,Washington Wizards,107.1,Charlotte Hornets,15.1
2024-12-19,Oklahoma City Thunder,103.7,Orlando Magic,95.9,Oklahoma City Thunder,7.8
2024-12-19,Utah Jazz,115.5,Detroit Pistons,119.8,Detroit Pistons,4.2
2024-12-19,New Orleans Pelicans,95.5,Houston Rockets,115.7,Houston Rockets,20.2
2024-12-20,Charlotte Hornets,108.9,Philadelphia 76ers,104.2,Charlotte Hornets,4.8
2024-12-20,Milwaukee Bucks,125.4,Cleveland Cavaliers,133.1,Cleveland Cavaliers,7.7
2024-12-20,Oklahoma City Thunder,103.3,Miami Heat,100.2,Oklahoma City Thunder,3.1
2024-12-21,Detroit Pistons,114.4,Phoenix Suns,119.9,Phoenix Suns,5.5
2024-12-21,Portland Trail Blazers,111.5,San Antonio Spurs,108.6,Portland Trail Blazers,2.9
2024-12-21,Los Angeles Clippers,122.9,Dallas Mavericks,107.2,Los Angeles Clippers,15.7
2024-12-21,New York Knicks,117.4,New Orleans Pelicans,92.8,New York Knicks,24.5
2024-12-21,Washington Wizards,112.9,Milwaukee Bucks,125.6,Milwaukee Bucks,12.7
2024-12-21,Golden State Warriors,100.6,Minnesota Timberwolves,101.7,Minnesota Timberwolves,1.2
2024-12-21,Boston Celtics,139.2,Chicago Bulls,125.6,Boston Celtics,13.6
2024-12-21,Utah Jazz,114.4,Brooklyn Nets,110.4,Utah Jazz,4.0
2024-12-21,Memphis Grizzlies,127.5,Atlanta Hawks,109.4,Memphis Grizzlies,18.1
2024-12-21,Miami Heat,101.3,Orlando Magic,100.4,Miami Heat,0.9
2024-12-21,Los Angeles Lakers,115.5,Sacramento Kings,113.9,Los Angeles Lakers,1.6
2024-12-21,Philadelphia 76ers,113.5,Cleveland Cavaliers,125.0,Cleveland Cavaliers,11.5
2024-12-22,Indiana Pacers,119.1,Sacramento Kings,123.0,Sacramento Kings,3.9
2024-12-22,Houston Rockets,111.9,Toronto Raptors,99.4,Houston Rockets,12.5
2024-12-22,Denver Nuggets,120.2,New Orleans Pelicans,91.1,Denver Nuggets,29.1
2024-12-23,Detroit Pistons,119.8,Los Angeles Lakers,106.9,Detroit Pistons,12.9
2024-12-23,Indiana Pacers,115.7,Golden State Warriors,122.5,Golden State Warriors,6.8
2024-12-23,Phoenix Suns,121.3,Denver Nuggets,122.8,Denver Nuggets,1.5
2024-12-23,Portland Trail Blazers,118.7,Dallas Mavericks,116.0,Portland Trail Blazers,2.7
2024-12-23,Washington Wizards,105.9,Oklahoma City Thunder,121.6,Oklahoma City Thunder,15.6
2024-12-23,Los Angeles Clippers,112.9,Memphis Grizzlies,115.3,Memphis Grizzlies,2.4
2024-12-23,Milwaukee Bucks,131.5,Chicago Bulls,117.9,Milwaukee Bucks,13.6
2024-12-23,Toronto Raptors,115.6,New York Knicks,127.5,New York Knicks,11.9
2024-12-23,Minnesota Timberwolves,118.9,Atlanta Hawks,106.3,Minnesota Timberwolves,12.6
2024-12-23,San Antonio Spurs,105.6,Philadelphia 76ers,105.8,Philadelphia 76ers,0.2
2024-12-23,Boston Celtics,106.8,Orlando Magic,96.3,Boston Celtics,10.4
2024-12-23,Utah Jazz,121.8,Cleveland Cavaliers,129.1,Cleveland Cavaliers,7.3
2024-12-23,Houston Rockets,108.3,Charlotte Hornets,100.5,Houston Rockets,7.8
2024-12-23,Brooklyn Nets,107.6,Miami Heat,114.0,Miami Heat,6.3
2024-12-25,San Antonio Spurs,109.2,New York Knicks,122.8,New York Knicks,13.6
2024-12-25,Minnesota Timberwolves,128.9,Dallas Mavericks,116.0,Minnesota Timberwolves,12.9
2024-12-25,Philadelphia 76ers,109.9,Boston Celtics,117.7,Boston Celtics,7.8
2024-12-25,Los Angeles Lakers,115.3,Golden State Warriors,117.5,Golden State Warriors,2.2
2024-12-25,Denver Nuggets,123.5,Phoenix Suns,119.5,Denver Nuggets,4.0
2024-12-26,Houston Rockets,122.1,New Orleans Pelicans,82.8,Houston Rockets,39.3
2024-12-26,Detroit Pistons,120.7,Sacramento Kings,113.5,Detroit Pistons,7.3
2024-12-26,Utah Jazz,119.1,Portland Trail Blazers,116.8,Utah Jazz,2.3
2024-12-26,Toronto Raptors,117.7,Memphis Grizzlies,124.3,Memphis Grizzlies,6.6
2024-12-26,Brooklyn Nets,118.7,Milwaukee Bucks,125.0,Milwaukee Bucks,6.3
2024-12-26,Charlotte Hornets,122.1,Washington Wizards,107.1,Charlotte Hornets,15.1
2024-12-26,Miami Heat,101.3,Orlando Magic,100.4,Miami Heat,0.9
2024-12-26,Oklahoma City Thunder,115.4,Indiana Pacers,96.9,Oklahoma City Thunder,18.4
2024-12-26,Chicago Bulls,120.2,Atlanta Hawks,121.8,Atlanta Hawks,1.5
2024-12-27,Memphis Grizzlies,121.6,New Orleans Pelicans,86.8,Memphis Grizzlies,34.8
2024-12-27,New York Knicks,109.0,Orlando Magic,101.9,New York Knicks,7.1
2024-12-27,Indiana Pacers,112.1,Boston Celtics,122.6,Boston Celtics,10.5
2024-12-27,San Antonio Spurs,112.5,Brooklyn Nets,108.2,San Antonio Spurs,4.3
2024-12-27,Minnesota Timberwolves,110.3,Houston Rockets,114.6,Houston Rockets,4.3
2024-12-27,Cleveland Cavaliers,134.0,Denver Nuggets,127.1,Cleveland Cavaliers,7.0
2024-12-27,Dallas Mavericks,125.8,Phoenix Suns,122.9,Dallas Mavericks,2.9
2024-12-27,Golden State Warriors,100.6,Los Angeles Clippers,102.6,Los Angeles Clippers,2.0
2024-12-28,Philadelphia 76ers,109.1,Utah Jazz,97.3,Philadelphia 76ers,11.8
2024-12-28,Milwaukee Bucks,131.5,Chicago Bulls,117.9,Milwaukee Bucks,13.6
2024-12-28,Sacramento Kings,121.8,Los Angeles Lakers,112.4,Sacramento Kings,9.4
2024-12-28,Dallas Mavericks,130.4,Portland Trail Blazers,127.6,Dallas Mavericks,2.8
2024-12-28,Detroit Pistons,112.8,Denver Nuggets,113.3,Denver Nuggets,0.5
2024-12-28,Oklahoma City Thunder,99.7,Charlotte Hornets,95.3,Oklahoma City Thunder,4.4
2024-12-28,New York Knicks,122.7,Washington Wizards,104.0,New York Knicks,18.7
2024-12-28,Miami Heat,118.1,Atlanta Hawks,112.9,Miami Heat,5.2
2024-12-28,Phoenix Suns,120.6,Golden State Warriors,118.8,Phoenix Suns,1.8
2024-12-29,San Antonio Spurs,101.0,Minnesota Timberwolves,106.1,Minnesota Timberwolves,5.1
2024-12-29,Brooklyn Nets,95.9,Orlando Magic,100.9,Orlando Magic,5.0
2024-12-29,Indiana Pacers,112.1,Boston Celtics,122.6,Boston Celtics,10.5
2024-12-29,Atlanta Hawks,117.3,Toronto Raptors,120.4,Toronto Raptors,3.1
2024-12-29,Miami Heat,106.2,Houston Rockets,117.3,Houston Rockets,11.0
2024-12-29,Memphis Grizzlies,117.5,Oklahoma City Thunder,119.8,Oklahoma City Thunder,2.3
2024-12-30,Philadelphia 76ers,109.6,Portland Trail Blazers,104.7,Philadelphia 76ers,4.9
2024-12-30,Los Angeles Clippers,116.8,New Orleans Pelicans,87.6,Los Angeles Clippers,29.2
2024-12-30,Dallas Mavericks,126.7,Sacramento Kings,120.7,Dallas Mavericks,6.0
2024-12-30,Cleveland Cavaliers,130.9,Golden State Warriors,118.1,Cleveland Cavaliers,12.8
2024-12-30,Chicago Bulls,109.7,Charlotte Hornets,111.7,Charlotte Hornets,2.1
2024-12-30,New York Knicks,122.7,Washington Wizards,104.0,New York Knicks,18.7
2024-12-30,Denver Nuggets,113.8,Utah Jazz,101.7,Denver Nuggets,12.1
2024-12-31,Toronto Raptors,117.9,Boston Celtics,126.2,Boston Celtics,8.2
2024-12-31,Milwaukee Bucks,123.0,Indiana Pacers,100.9,Milwaukee Bucks,22.1
2024-12-31,Los Angeles Clippers,105.9,San Antonio Spurs,96.9,Los Angeles Clippers,9.0
2024-12-31,Minnesota Timberwolves,99.9,Oklahoma City Thunder,100.5,Oklahoma City Thunder,0.5
2024-12-31,Cleveland Cavaliers,136.9,Los Angeles Lakers,123.4,Cleveland Cavaliers,13.4
2024-12-31,Memphis Grizzlies,124.0,Phoenix Suns,118.2,Memphis Grizzlies,5.8
2025-01-01,Philadelphia 76ers,117.4,Sacramento Kings,112.8,Philadelphia 76ers,4.6
2025-01-01,Atlanta Hawks,115.2,Denver Nuggets,114.4,Atlanta Hawks,0.8
2025-01-01,Dallas Mavericks,116.9,Houston Rockets,119.9,Houston Rockets,3.1
2025-01-01,Brooklyn Nets,117.2,Toronto Raptors,125.9,Toronto Raptors,8.7
2025-01-01,Utah Jazz,112.5,New York Knicks,127.5,New York Knicks,15.0
2025-01-01,Chicago Bulls,123.3,Washington Wizards,118.1,Chicago Bulls,5.2
2025-01-01,Orlando Magic,103.1,Detroit Pistons,91.5,Orlando Magic,11.6
2025-01-01,New Orleans Pelicans,101.7,Miami Heat,108.2,Miami Heat,6.5
2025-01-02,Portland Trail Blazers,109.2,Los Angeles Lakers,104.9,Portland Trail Blazers,4.3
2025-01-02,Indiana Pacers,103.4,Miami Heat,105.7,Miami Heat,2.3
2025-01-02,Boston Celtics,106.5,Minnesota Timberwolves,105.0,Boston Celtics,1.5
2025-01-02,Brooklyn Nets,118.7,Milwaukee Bucks,125.0,Milwaukee Bucks,6.3
2025-01-02,Los Angeles Clippers,97.4,Oklahoma City Thunder,97.3,Los Angeles Clippers,0.1
2025-01-02,Philadelphia 76ers,110.2,Golden State Warriors,113.4,Golden State Warriors,3.2
2025-01-03,Memphis Grizzlies,130.6,Sacramento Kings,115.2,Memphis Grizzlies,15.4
2025-01-03,Boston Celtics,110.8,Houston Rockets,118.5,Houston Rockets,7.7
2025-01-03,San Antonio Spurs,115.0,Denver Nuggets,120.8,Denver Nuggets,5.8
2025-01-03,Atlanta Hawks,119.1,Los Angeles Lakers,111.0,Atlanta Hawks,8.2
2025-01-03,Cleveland Cavaliers,137.6,Dallas Mavericks,126.5,Cleveland Cavaliers,11.1
2025-01-03,Charlotte Hornets,112.1,Detroit Pistons,111.6,Charlotte Hornets,0.6
2025-01-03,Washington Wizards,112.7,New Orleans Pelicans,101.5,Washington Wizards,11.2
2025-01-03,Orlando Magic,105.6,Toronto Raptors,108.9,Toronto Raptors,3.3
2025-01-03,New York Knicks,116.8,Oklahoma City Thunder,119.2,Oklahoma City Thunder,2.5
2025-01-04,Atlanta Hawks,106.4,Los Angeles Clippers,113.9,Los Angeles Clippers,7.4
2025-01-04,Denver Nuggets,119.3,San Antonio Spurs,106.4,Denver Nuggets,12.8
2025-01-04,Portland Trail Blazers,112.2,Milwaukee Bucks,117.9,Milwaukee Bucks,5.7
2025-01-04,Utah Jazz,114.3,Miami Heat,121.6,Miami Heat,7.3
2025-01-04,Memphis Grizzlies,121.9,Golden State Warriors,116.8,Memphis Grizzlies,5.1
2025-01-04,Phoenix Suns,118.7,Indiana Pacers,106.8,Phoenix Suns,12.0
2025-01-04,Minnesota Timberwolves,110.6,Detroit Pistons,101.2,Minnesota Timberwolves,9.4
2025-01-04,Philadelphia 76ers,111.5,Brooklyn Nets,100.5,Philadelphia 76ers,11.0
2025-01-04,New York Knicks,139.5,Chicago Bulls,123.9,New York Knicks,15.6
2025-01-05,Boston Celtics,107.5,Oklahoma City Thunder,109.2,Oklahoma City Thunder,1.7
2025-01-05,Charlotte Hornets,115.8,Cleveland Cavaliers,124.3,Cleveland Cavaliers,8.4
2025-01-05,New Orleans Pelicans,116.0,Washington Wizards,104.7,New Orleans Pelicans,11.3
2025-01-05,Utah Jazz,102.6,Orlando Magic,104.8,Orlando Magic,2.2
2025-01-05,Los Angeles Lakers,106.9,Houston Rockets,115.8,Houston Rockets,8.9
2025-01-05,Sacramento Kings,121.4,Golden State Warriors,117.8,Sacramento Kings,3.7
2025-01-06,San Antonio Spurs,131.3,Chicago Bulls,124.4,San Antonio Spurs,6.9
2025-01-06,Los Angeles Clippers,95.8,Minnesota Timberwolves,94.4,Los Angeles Clippers,1.4
2025-01-06,Miami Heat,119.5,Sacramento Kings,113.8,Miami Heat,5.7
2025-01-06,Milwaukee Bucks,128.9,Toronto Raptors,121.8,Milwaukee Bucks,7.0
2025-01-06,Dallas Mavericks,119.1,Memphis Grizzlies,125.9,Memphis Grizzlies,6.9
2025-01-06,Indiana Pacers,113.1,Brooklyn Nets,105.3,Indiana Pacers,7.8
2025-01-06,Phoenix Suns,111.6,Philadelphia 76ers,103.9,Phoenix Suns,7.6
2025-01-06,Portland Trail Blazers,109.2,Detroit Pistons,107.1,Portland Trail Blazers,2.2
2025-01-06,Orlando Magic,101.9,New York Knicks,113.3,New York Knicks,11.4
2025-01-07,Phoenix Suns,104.2,Charlotte Hornets,101.2,Phoenix Suns,3.1
2025-01-07,Houston Rockets,126.4,Washington Wizards,94.8,Houston Rockets,31.6
2025-01-07,Los Angeles Lakers,118.4,Dallas Mavericks,120.6,Dallas Mavericks,2.1
2025-01-07,Minnesota Timberwolves,115.9,New Orleans Pelicans,90.3,Minnesota Timberwolves,25.6
2025-01-07,Atlanta Hawks,114.7,Utah Jazz,105.6,Atlanta Hawks,9.0
2025-01-07,Boston Celtics,119.3,Denver Nuggets,113.6,Boston Celtics,5.7
2025-01-07,Miami Heat,117.2,Golden State Warriors,117.9,Golden State Warriors,0.7
2025-01-08,San Antonio Spurs,109.7,Milwaukee Bucks,118.5,Milwaukee Bucks,8.7
2025-01-08,Los Angeles Clippers,118.5,Denver Nuggets,106.3,Los Angeles Clippers,12.2
2025-01-08,Portland Trail Blazers,113.6,New Orleans Pelicans,94.2,Portland Trail Blazers,19.4
2025-01-08,Detroit Pistons,115.8,Brooklyn Nets,104.3,Detroit Pistons,11.5
2025-01-08,Toronto Raptors,115.6,New York Knicks,127.5,New York Knicks,11.9
2025-01-08,Chicago Bulls,119.6,Indiana Pacers,116.8,Chicago Bulls,2.8
2025-01-08,Oklahoma City Thunder,116.0,Cleveland Cavaliers,123.1,Cleveland Cavaliers,7.1
2025-01-08,Washington Wizards,102.6,Philadelphia 76ers,111.2,Philadelphia 76ers,8.6
2025-01-09,Miami Heat,117.2,Utah Jazz,107.1,Miami Heat,10.1
2025-01-09,Toronto Raptors,122.7,Cleveland Cavaliers,129.2,Cleveland Cavaliers,6.5
2025-01-09,Golden State Warriors,107.6,Detroit Pistons,97.8,Golden State Warriors,9.8
2025-01-09,Minnesota Timberwolves,100.3,Orlando Magic,93.5,Minnesota Timberwolves,6.8
2025-01-09,Houston Rockets,106.8,Memphis Grizzlies,111.3,Memphis Grizzlies,4.5
2025-01-09,Portland Trail Blazers,118.7,Dallas Mavericks,116.0,Portland Trail Blazers,2.7
2025-01-09,Atlanta Hawks,119.7,Phoenix Suns,124.7,Phoenix Suns,5.0
2025-01-09,Charlotte Hornets,116.9,Los Angeles Lakers,111.6,Charlotte Hornets,5.3
2025-01-10,Washington Wizards,123.1,Chicago Bulls,128.4,Chicago Bulls,5.2
2025-01-10,Brooklyn Nets,116.1,Denver Nuggets,123.1,Denver Nuggets,7.0
2025-01-10,Oklahoma City Thunder,115.5,New York Knicks,123.9,New York Knicks,8.4
2025-01-10,Sacramento Kings,121.5,Boston Celtics,124.6,Boston Celtics,3.1
2025-01-10,New Orleans Pelicans,102.1,Philadelphia 76ers,103.0,Philadelphia 76ers,0.9
2025-01-10,Milwaukee Bucks,112.0,Orlando Magic,97.9,Milwaukee Bucks,14.1
2025-01-10,Golden State Warriors,117.0,Indiana Pacers,98.9,Golden State Warriors,18.1
2025-01-11,Houston Rockets,116.6,Atlanta Hawks,98.2,Houston Rockets,18.4
2025-01-11,Utah Jazz,119.5,Phoenix Suns,128.3,Phoenix Suns,8.8
2025-01-11,Toronto Raptors,112.7,Detroit Pistons,101.9,Toronto Raptors,10.8
2025-01-11,Memphis Grizzlies,110.9,Minnesota Timberwolves,110.6,Memphis Grizzlies,0.2
2025-01-11,Miami Heat,116.0,Portland Trail Blazers,111.0,Miami Heat,5.0
2025-01-11,Charlotte Hornets,106.6,Los Angeles Clippers,116.0,Los Angeles Clippers,9.4
2025-01-11,San Antonio Spurs,119.8,Los Angeles Lakers,116.7,San Antonio Spurs,3.2
2025-01-12,Charlotte Hornets,114.1,Phoenix Suns,121.6,Phoenix Suns,7.4
2025-01-12,Brooklyn Nets,112.3,Utah Jazz,113.7,Utah Jazz,1.4
2025-01-12,Oklahoma City Thunder,124.6,Washington Wizards,100.9,Oklahoma City Thunder,23.7
2025-01-12,Philadelphia 76ers,97.5,Orlando Magic,94.0,Philadelphia 76ers,3.5
2025-01-12,New Orleans Pelicans,102.7,Boston Celtics,120.1,Boston Celtics,17.4
2025-01-12,Sacramento Kings,133.7,Chicago Bulls,125.2,Sacramento Kings,8.5
2025-01-12,Milwaukee Bucks,123.7,New York Knicks,130.0,New York Knicks,6.3
2025-01-12,Denver Nuggets,129.6,Dallas Mavericks,124.6,Denver Nuggets,5.0
2025-01-12,Indiana Pacers,120.7,Cleveland Cavaliers,133.7,Cleveland Cavaliers,13.0
2025-01-13,Minnesota Timberwolves,124.5,Washington Wizards,103.6,Minnesota Timberwolves,20.9
2025-01-13,Detroit Pistons,108.6,New York Knicks,124.9,New York Knicks,16.3
2025-01-13,Golden State Warriors,108.4,Toronto Raptors,110.4,Toronto Raptors,2.0
2025-01-13,Memphis Grizzlies,119.1,Houston Rockets,121.6,Houston Rockets,2.5
2025-01-13,Miami Heat,100.7,Los Angeles Clippers,107.5,Los Angeles Clippers,6.9
2025-01-13,San Antonio Spurs,119.8,Los Angeles Lakers,116.7,San Antonio Spurs,3.2
2025-01-14,Denver Nuggets,129.6,Dallas Mavericks,124.6,Denver Nuggets,5.0
2025-01-14,Brooklyn Nets,117.3,Portland Trail Blazers,122.3,Portland Trail Blazers,5.1
2025-01-14,Sacramento Kings,120.2,Milwaukee Bucks,123.4,Milwaukee Bucks,3.2
2025-01-14,Cleveland Cavaliers,130.5,Indiana Pacers,113.4,Cleveland Cavaliers,17.1
2025-01-14,Phoenix Suns,125.1,Atlanta Hawks,117.8,Phoenix Suns,7.3
2025-01-14,Oklahoma City Thunder,106.5,Philadelphia 76ers,95.5,Oklahoma City Thunder,11.0
2025-01-14,New Orleans Pelicans,115.5,Chicago Bulls,120.1,Chicago Bulls,4.6
2025-01-15,Brooklyn Nets,106.7,Los Angeles Clippers,115.7,Los Angeles Clippers,9.0
2025-01-15,Miami Heat,115.8,Los Angeles Lakers,109.2,Miami Heat,6.6
2025-01-15,Houston Rockets,110.9,Denver Nuggets,99.4,Houston Rockets,11.5
2025-01-15,Memphis Grizzlies,120.9,San Antonio Spurs,107.6,Memphis Grizzlies,13.3
2025-01-15,Dallas Mavericks,116.4,New Orleans Pelicans,93.3,Dallas Mavericks,23.1
2025-01-15,Charlotte Hornets,115.5,Utah Jazz,108.3,Charlotte Hornets,7.1
2025-01-15,Orlando Magic,102.8,Milwaukee Bucks,107.0,Milwaukee Bucks,4.1
2025-01-15,Atlanta Hawks,130.9,Chicago Bulls,128.5,Atlanta Hawks,2.5
2025-01-15,Boston Celtics,124.7,Toronto Raptors,119.7,Boston Celtics,5.0
2025-01-15,New York Knicks,110.3,Philadelphia 76ers,102.3,New York Knicks,8.0
2025-01-15,Golden State Warriors,100.6,Minnesota Timberwolves,101.7,Minnesota Timberwolves,1.2
2025-01-16,Indiana Pacers,111.6,Detroit Pistons,111.6,Detroit Pistons,0.0
2025-01-16,Phoenix Suns,126.2,Washington Wizards,111.3,Phoenix Suns,14.9
2025-01-16,Cleveland Cavaliers,128.3,Oklahoma City Thunder,126.7,Cleveland Cavaliers,1.6
2025-01-16,Los Angeles Clippers,118.7,Portland Trail Blazers,103.8,Los Angeles Clippers,15.0
2025-01-16,Houston Rockets,117.7,Sacramento Kings,102.3,Houston Rockets,15.3
2025-01-17,Memphis Grizzlies,120.9,San Antonio Spurs,107.6,Memphis Grizzlies,13.3
2025-01-17,Brooklyn Nets,115.0,Los Angeles Lakers,117.3,Los Angeles Lakers,2.2
2025-01-17,Charlotte Hornets,124.9,Chicago Bulls,120.5,Charlotte Hornets,4.4
2025-01-17,Utah Jazz,115.5,New Orleans Pelicans,98.9,Utah Jazz,16.7
2025-01-17,Oklahoma City Thunder,127.1,Dallas Mavericks,114.9,Oklahoma City Thunder,12.1
2025-01-17,Denver Nuggets,117.3,Miami Heat,112.0,Denver Nuggets,5.3
2025-01-17,Minnesota Timberwolves,116.5,New York Knicks,123.4,New York Knicks,6.9
2025-01-17,Orlando Magic,109.5,Boston Celtics,112.1,Boston Celtics,2.6
2025-01-17,Toronto Raptors,118.3,Milwaukee Bucks,125.3,Milwaukee Bucks,7.0
2025-01-18,Phoenix Suns,118.3,Detroit Pistons,109.1,Phoenix Suns,9.1
2025-01-18,Atlanta Hawks,114.9,Boston Celtics,124.5,Boston Celtics,9.6
2025-01-18,Philadelphia 76ers,112.6,Indiana Pacers,99.9,Philadelphia 76ers,12.6
2025-01-18,Washington Wizards,111.1,Golden State Warriors,123.4,Golden State Warriors,12.3
2025-01-18,Cleveland Cavaliers,128.2,Minnesota Timberwolves,123.8,Cleveland Cavaliers,4.4
2025-01-18,Houston Rockets,119.7,Portland Trail Blazers,104.4,Houston Rockets,15.2
2025-01-19,Washington Wizards,114.3,Sacramento Kings,122.9,Sacramento Kings,8.7
2025-01-19,Chicago Bulls,118.2,Portland Trail Blazers,124.6,Portland Trail Blazers,6.4
2025-01-19,Los Angeles Lakers,96.5,Los Angeles Clippers,105.8,Los Angeles Clippers,9.4
2025-01-19,Philadelphia 76ers,109.1,Milwaukee Bucks,119.5,Milwaukee Bucks,10.5
2025-01-19,Denver Nuggets,117.2,Orlando Magic,103.8,Denver Nuggets,13.4
2025-01-19,San Antonio Spurs,105.9,Miami Heat,109.3,Miami Heat,3.3
2025-01-19,Brooklyn Nets,111.6,Oklahoma City Thunder,118.5,Oklahoma City Thunder,6.9
2025-01-20,Dallas Mavericks,102.0,Charlotte Hornets,100.5,Dallas Mavericks,1.5
2025-01-20,Detroit Pistons,106.0,Houston Rockets,119.5,Houston Rockets,13.6
2025-01-20,Minnesota Timberwolves,116.0,Memphis Grizzlies,121.4,Memphis Grizzlies,5.3
2025-01-20,Atlanta Hawks,115.0,New York Knicks,125.6,New York Knicks,10.5
2025-01-20,Phoenix Suns,121.7,Cleveland Cavaliers,131.9,Cleveland Cavaliers,10.2
2025-01-20,Boston Celtics,121.2,Golden State Warriors,114.9,Boston Celtics,6.3
2025-01-20,Utah Jazz,115.5,New Orleans Pelicans,98.9,Utah Jazz,16.7
2025-01-21,Washington Wizards,111.5,Los Angeles Lakers,120.2,Los Angeles Lakers,8.7
2025-01-21,Philadelphia 76ers,113.8,Denver Nuggets,114.7,Denver Nuggets,0.8
2025-01-21,Chicago Bulls,109.8,Los Angeles Clippers,120.4,Los Angeles Clippers,10.6
2025-01-21,Portland Trail Blazers,105.5,Miami Heat,108.8,Miami Heat,3.3
2025-01-21,New York Knicks,114.5,Brooklyn Nets,105.1,New York Knicks,9.4
2025-01-21,Orlando Magic,105.6,Toronto Raptors,108.9,Toronto Raptors,3.3
2025-01-22,Detroit Pistons,113.4,Atlanta Hawks,108.7,Detroit Pistons,4.7
2025-01-22,Phoenix Suns,117.8,Brooklyn Nets,108.8,Phoenix Suns,9.0
2025-01-22,Minnesota Timberwolves,128.9,Dallas Mavericks,116.0,Minnesota Timberwolves,12.9
2025-01-22,Cleveland Cavaliers,125.1,Houston Rockets,126.5,Houston Rockets,1.4
2025-01-22,Charlotte Hornets,105.8,Memphis Grizzlies,119.9,Memphis Grizzlies,14.1
2025-01-22,Milwaukee Bucks,121.3,New Orleans Pelicans,90.0,Milwaukee Bucks,31.3
2025-01-22,Utah Jazz,109.2,Oklahoma City Thunder,122.2,Oklahoma City Thunder,13.0
2025-01-22,Golden State Warriors,113.5,Sacramento Kings,107.0,Golden State Warriors,6.5
2025-01-22,Boston Celtics,105.0,Los Angeles Clippers,108.7,Los Angeles Clippers,3.7
2025-01-23,Boston Celtics,131.2,Los Angeles Lakers,114.0,Boston Celtics,17.3
2025-01-23,Chicago Bulls,118.5,Golden State Warriors,118.1,Chicago Bulls,0.4
2025-01-23,Washington Wizards,113.4,Utah Jazz,117.8,Utah Jazz,4.3
2025-01-23,Sacramento Kings,120.3,Denver Nuggets,117.8,Sacramento Kings,2.5
2025-01-23,Toronto Raptors,119.0,Atlanta Hawks,107.8,Toronto Raptors,11.2
2025-01-23,Miami Heat,110.2,Milwaukee Bucks,116.5,Milwaukee Bucks,6.3
2025-01-23,Portland Trail Blazers,102.5,Orlando Magic,100.8,Portland Trail Blazers,1.7
2025-01-23,San Antonio Spurs,115.0,Indiana Pacers,108.8,San Antonio Spurs,6.2
2025-01-23,Dallas Mavericks,118.9,Oklahoma City Thunder,122.5,Oklahoma City Thunder,3.6
2025-01-24,Portland Trail Blazers,100.8,Charlotte Hornets,98.9,Portland Trail Blazers,1.8
2025-01-24,Cleveland Cavaliers,124.5,Philadelphia 76ers,111.8,Cleveland Cavaliers,12.7
2025-01-24,New Orleans Pelicans,99.1,Memphis Grizzlies,122.3,Memphis Grizzlies,23.1
2025-01-25,Philadelphia 76ers,125.4,Chicago Bulls,116.9,Philadelphia 76ers,8.5
2025-01-25,Milwaukee Bucks,116.8,Los Angeles Clippers,115.4,Milwaukee Bucks,1.4
2025-01-25,Washington Wizards,118.4,Phoenix Suns,127.3,Phoenix Suns,8.9
2025-01-25,Los Angeles Lakers,115.3,Golden State Warriors,117.5,Golden State Warriors,2.2
2025-01-25,Utah Jazz,111.4,Memphis Grizzlies,127.2,Memphis Grizzlies,15.8
2025-01-25,Sacramento Kings,121.3,New York Knicks,129.0,New York Knicks,7.7
2025-01-25,Houston Rockets,115.8,Cleveland Cavaliers,119.2,Cleveland Cavaliers,3.5
2025-01-25,Toronto Raptors,119.0,Atlanta Hawks,107.8,Toronto Raptors,11.2
2025-01-25,Detroit Pistons,105.3,Orlando Magic,97.7,Detroit Pistons,7.6
2025-01-25,New Orleans Pelicans,96.0,Charlotte Hornets,101.3,Charlotte Hornets,5.3
2025-01-25,Miami Heat,111.2,Brooklyn Nets,104.1,Miami Heat,7.1
2025-01-25,Boston Celtics,129.1,Dallas Mavericks,122.8,Boston Celtics,6.3
2025-01-25,Denver Nuggets,121.4,Minnesota Timberwolves,118.3,Denver Nuggets,3.1
2025-01-25,Indiana Pacers,107.8,San Antonio Spurs,103.1,Indiana Pacers,4.7
2025-01-26,Oklahoma City Thunder,120.1,Portland Trail Blazers,107.0,Oklahoma City Thunder,13.2
2025-01-27,Los Angeles Clippers,105.9,Phoenix Suns,100.7,Los Angeles Clippers,5.1
2025-01-27,Milwaukee Bucks,113.4,Utah Jazz,100.5,Milwaukee Bucks,13.0
2025-01-27,Washington Wizards,114.6,Dallas Mavericks,124.9,Dallas Mavericks,10.3
2025-01-27,Atlanta Hawks,114.4,Minnesota Timberwolves,118.9,Minnesota Timberwolves,4.5
2025-01-27,Denver Nuggets,129.8,Chicago Bulls,119.4,Denver Nuggets,10.5
2025-01-27,New Orleans Pelicans,102.6,Toronto Raptors,119.0,Toronto Raptors,16.4
2025-01-27,Memphis Grizzlies,120.4,New York Knicks,126.3,New York Knicks,5.9
2025-01-27,Orlando Magic,97.7,Miami Heat,94.8,Orlando Magic,2.9
2025-01-27,Sacramento Kings,115.7,Brooklyn Nets,107.8,Sacramento Kings,7.9
2025-01-27,Houston Rockets,116.6,Boston Celtics,119.6,Boston Celtics,2.9
2025-01-27,Detroit Pistons,115.5,Cleveland Cavaliers,128.1,Cleveland Cavaliers,12.6
2025-01-27,Los Angeles Lakers,98.6,Charlotte Hornets,97.0,Los Angeles Lakers,1.6
2025-01-28,Los Angeles Lakers,101.1,Philadelphia 76ers,101.0,Los Angeles Lakers,0.1
2025-01-28,Utah Jazz,113.2,Golden State Warriors,121.8,Golden State Warriors,8.6
2025-01-28,Milwaukee Bucks,129.6,Portland Trail Blazers,117.2,Milwaukee Bucks,12.4
2025-01-29,Oklahoma City Thunder,115.2,Golden State Warriors,110.1,Oklahoma City Thunder,5.1
2025-01-29,Minnesota Timberwolves,113.5,Phoenix Suns,109.0,Minnesota Timberwolves,4.6
2025-01-29,Los Angeles Clippers,105.9,San Antonio Spurs,96.9,Los Angeles Clippers,9.0
2025-01-29,Dallas Mavericks,116.4,New Orleans Pelicans,93.3,Dallas Mavericks,23.1
2025-01-29,Sacramento Kings,110.9,Philadelphia 76ers,104.9,Sacramento Kings,6.0
2025-01-29,Denver Nuggets,123.0,New York Knicks,131.2,New York Knicks,8.2
2025-01-29,Cleveland Cavaliers,131.8,Miami Heat,122.9,Cleveland Cavaliers,8.9
2025-01-29,Chicago Bulls,121.9,Boston Celtics,128.5,Boston Celtics,6.6
2025-01-29,Toronto Raptors,123.9,Washington Wizards,101.1,Toronto Raptors,22.8
2025-01-29,Detroit Pistons,116.6,Indiana Pacers,101.2,Detroit Pistons,15.3
2025-01-29,Brooklyn Nets,95.5,Charlotte Hornets,96.6,Charlotte Hornets,1.1
2025-01-30,Los Angeles Lakers,114.6,Washington Wizards,103.2,Los Angeles Lakers,11.4
2025-01-30,Atlanta Hawks,123.9,Cleveland Cavaliers,126.9,Cleveland Cavaliers,3.0
2025-01-30,Houston Rockets,106.8,Memphis Grizzlies,111.3,Memphis Grizzlies,4.5
2025-01-30,Orlando Magic,105.0,Portland Trail Blazers,98.6,Orlando Magic,6.4
2025-01-30,Minnesota Timberwolves,112.3,Utah Jazz,100.1,Minnesota Timberwolves,12.2
2025-01-31,Phoenix Suns,120.6,Golden State Warriors,118.8,Phoenix Suns,1.8
2025-01-31,Milwaukee Bucks,109.6,San Antonio Spurs,98.0,Milwaukee Bucks,11.6
2025-01-31,Boston Celtics,119.8,New Orleans Pelicans,90.6,Boston Celtics,29.2
2025-01-31,Chicago Bulls,113.2,Toronto Raptors,122.5,Toronto Raptors,9.2
2025-01-31,Denver Nuggets,118.0,Philadelphia 76ers,105.6,Denver Nuggets,12.4
2025-01-31,Dallas Mavericks,115.5,Detroit Pistons,109.6,Dallas Mavericks,5.9
2025-01-31,Los Angeles Clippers,95.6,Charlotte Hornets,92.4,Los Angeles Clippers,3.2
2025-02-01,Atlanta Hawks,114.2,Indiana Pacers,102.6,Atlanta Hawks,11.6
2025-02-01,Orlando Magic,106.3,Utah Jazz,91.3,Orlando Magic,15.0
2025-02-01,Denver Nuggets,99.0,Charlotte Hornets,97.8,Denver Nuggets,1.2
2025-02-01,Brooklyn Nets,112.9,Houston Rockets,121.2,Houston Rockets,8.3
2025-02-01,Washington Wizards,105.2,Minnesota Timberwolves,116.3,Minnesota Timberwolves,11.1
2025-02-01,Sacramento Kings,117.8,Oklahoma City Thunder,118.8,Oklahoma City Thunder,1.0
2025-02-01,Miami Heat,111.2,San Antonio Spurs,105.6,Miami Heat,5.6
2025-02-01,Phoenix Suns,124.6,Portland Trail Blazers,122.9,Phoenix Suns,1.7
2025-02-01,Los Angeles Lakers,109.7,New York Knicks,123.9,New York Knicks,14.1
2025-02-02,Memphis Grizzlies,118.9,Milwaukee Bucks,123.0,Milwaukee Bucks,4.2
2025-02-02,Boston Celtics,110.6,Philadelphia 76ers,96.2,Boston Celtics,14.4
2025-02-02,Dallas Mavericks,124.7,Cleveland Cavaliers,131.3,Cleveland Cavaliers,6.7
2025-02-02,Chicago Bulls,118.0,Detroit Pistons,116.6,Chicago Bulls,1.4
2025-02-02,Los Angeles Clippers,118.9,Toronto Raptors,108.9,Los Angeles Clippers,10.1
2025-02-03,Washington Wizards,96.9,Charlotte Hornets,102.3,Charlotte Hornets,5.4
2025-02-03,Orlando Magic,109.1,Golden State Warriors,105.4,Orlando Magic,3.7
2025-02-03,Indiana Pacers,109.7,Utah Jazz,108.4,Indiana Pacers,1.2
2025-02-03,New Orleans Pelicans,102.9,Denver Nuggets,119.2,Denver Nuggets,16.2
2025-02-03,Milwaukee Bucks,109.3,Oklahoma City Thunder,109.9,Oklahoma City Thunder,0.6
2025-02-03,Phoenix Suns,124.6,Portland Trail Blazers,122.9,Phoenix Suns,1.7
2025-02-03,San Antonio Spurs,107.5,Memphis Grizzlies,123.3,Memphis Grizzlies,15.8
2025-02-03,Houston Rockets,109.4,New York Knicks,117.9,New York Knicks,8.5
2025-02-03,Atlanta Hawks,112.5,Detroit Pistons,112.6,Detroit Pistons,0.1
2025-02-03,Sacramento Kings,113.8,Minnesota Timberwolves,113.4,Sacramento Kings,0.5
2025-02-04,Houston Rockets,116.3,Brooklyn Nets,97.9,Houston Rockets,18.4
2025-02-04,Dallas Mavericks,116.1,Philadelphia 76ers,106.4,Dallas Mavericks,9.7
2025-02-04,New York Knicks,128.0,Toronto Raptors,121.0,New York Knicks,7.0
2025-02-04,Miami Heat,130.9,Chicago Bulls,122.4,Miami Heat,8.5
2025-02-04,Los Angeles Lakers,96.5,Los Angeles Clippers,105.8,Los Angeles Clippers,9.4
2025-02-04,Indiana Pacers,115.9,Portland Trail Blazers,121.3,Portland Trail Blazers,5.4
2025-02-04,Boston Celtics,112.7,Cleveland Cavaliers,116.2,Cleveland Cavaliers,3.5
2025-02-05,Chicago Bulls,118.1,Minnesota Timberwolves,124.1,Minnesota Timberwolves,6.0
2025-02-05,Orlando Magic,113.3,Sacramento Kings,104.8,Orlando Magic,8.4
2025-02-05,New Orleans Pelicans,102.9,Denver Nuggets,119.2,Denver Nuggets,16.2
2025-02-05,Golden State Warriors,113.5,Utah Jazz,100.9,Golden State Warriors,12.6
2025-02-05,Phoenix Suns,114.2,Oklahoma City Thunder,120.9,Oklahoma City Thunder,6.7
2025-02-05,Miami Heat,105.0,Philadelphia 76ers,102.3,Miami Heat,2.7
2025-02-05,Washington Wizards,111.8,Brooklyn Nets,113.2,Brooklyn Nets,1.4
2025-02-05,San Antonio Spurs,120.1,Atlanta Hawks,117.1,San Antonio Spurs,3.1
2025-02-05,Cleveland Cavaliers,130.7,Detroit Pistons,115.6,Cleveland Cavaliers,15.1
2025-02-05,Milwaukee Bucks,93.5,Charlotte Hornets,92.7,Milwaukee Bucks,0.8
2025-02-05,Memphis Grizzlies,129.5,Toronto Raptors,117.8,Memphis Grizzlies,11.6
2025-02-06,Dallas Mavericks,120.9,Boston Celtics,125.0,Boston Celtics,4.1
2025-02-06,Houston Rockets,109.6,Minnesota Timberwolves,105.5,Houston Rockets,4.1
2025-02-06,Orlando Magic,110.9,Denver Nuggets,108.6,Orlando Magic,2.3
2025-02-06,Golden State Warriors,115.1,Los Angeles Lakers,102.4,Golden State Warriors,12.6
2025-02-06,Sacramento Kings,124.3,Portland Trail Blazers,123.9,Sacramento Kings,0.4
2025-02-06,Indiana Pacers,104.4,Los Angeles Clippers,114.3,Los Angeles Clippers,9.8
2025-02-07,Utah Jazz,119.5,Phoenix Suns,128.3,Phoenix Suns,8.8
2025-02-07,Toronto Raptors,115.3,Oklahoma City Thunder,122.0,Oklahoma City Thunder,6.7
2025-02-07,Philadelphia 76ers,105.5,Detroit Pistons,97.8,Philadelphia 76ers,7.6
2025-02-07,San Antonio Spurs,99.5,Charlotte Hornets,98.4,San Antonio Spurs,1.1
2025-02-07,Milwaukee Bucks,124.6,Atlanta Hawks,110.6,Milwaukee Bucks,14.0
2025-02-07,Cleveland Cavaliers,133.8,Washington Wizards,113.1,Cleveland Cavaliers,20.7
2025-02-07,Miami Heat,111.2,Brooklyn Nets,104.1,Miami Heat,7.1
2025-02-08,Portland Trail Blazers,105.4,Minnesota Timberwolves,109.7,Minnesota Timberwolves,4.3
2025-02-08,New Orleans Pelicans,109.0,Sacramento Kings,117.7,Sacramento Kings,8.7
2025-02-08,Denver Nuggets,123.5,Phoenix Suns,119.5,Denver Nuggets,4.0
2025-02-08,Boston Celtics,112.6,New York Knicks,116.8,New York Knicks,4.2
2025-02-08,Oklahoma City Thunder,114.4,Memphis Grizzlies,125.5,Memphis Grizzlies,11.1
2025-02-08,Utah Jazz,106.4,Los Angeles Clippers,117.0,Los Angeles Clippers,10.6
2025-02-08,Atlanta Hawks,123.8,Washington Wizards,108.8,Atlanta Hawks,15.0
2025-02-08,San Antonio Spurs,100.4,Orlando Magic,103.4,Orlando Magic,2.9
2025-02-08,Indiana Pacers,112.2,Los Angeles Lakers,112.1,Indiana Pacers,0.0
2025-02-08,Houston Rockets,118.9,Dallas Mavericks,109.2,Houston Rockets,9.8
2025-02-08,Golden State Warriors,124.8,Chicago Bulls,117.4,Golden State Warriors,7.4
2025-02-09,Philadelphia 76ers,109.1,Milwaukee Bucks,119.5,Milwaukee Bucks,10.5
2025-02-09,Charlotte Hornets,112.1,Detroit Pistons,111.6,Charlotte Hornets,0.6
2025-02-09,Toronto Raptors,116.8,Houston Rockets,120.5,Houston Rockets,3.6
2025-02-10,Sacramento Kings,129.4,Dallas Mavericks,123.1,Sacramento Kings,6.3
2025-02-10,Minnesota Timberwolves,121.1,Cleveland Cavaliers,125.2,Cleveland Cavaliers,4.1
2025-02-10,Atlanta Hawks,106.5,Orlando Magic,103.7,Atlanta Hawks,2.7
2025-02-10,San Antonio Spurs,121.9,Washington Wizards,110.5,San Antonio Spurs,11.4
2025-02-10,Charlotte Hornets,117.3,Brooklyn Nets,105.3,Charlotte Hornets,12.0
2025-02-10,Boston Celtics,117.5,Miami Heat,111.8,Boston Celtics,5.7
2025-02-10,Golden State Warriors,109.4,Milwaukee Bucks,115.7,Milwaukee Bucks,6.3
2025-02-10,New Orleans Pelicans,92.2,Oklahoma City Thunder,111.6,Oklahoma City Thunder,19.4
2025-02-10,Portland Trail Blazers,113.6,Denver Nuggets,110.7,Portland Trail Blazers,2.8
2025-02-11,Utah Jazz,118.0,Los Angeles Lakers,117.9,Utah Jazz,0.0
2025-02-11,Memphis Grizzlies,124.0,Phoenix Suns,118.2,Memphis Grizzlies,5.8
2025-02-11,Toronto Raptors,115.9,Philadelphia 76ers,103.2,Toronto Raptors,12.6
2025-02-11,New York Knicks,117.1,Indiana Pacers,103.1,New York Knicks,14.0
2025-02-11,Detroit Pistons,128.7,Chicago Bulls,121.6,Detroit Pistons,7.2
2025-02-12,Phoenix Suns,114.6,Houston Rockets,125.8,Houston Rockets,11.2
2025-02-12,Los Angeles Lakers,104.9,Utah Jazz,102.3,Los Angeles Lakers,2.6
2025-02-12,Portland Trail Blazers,113.6,Denver Nuggets,110.7,Portland Trail Blazers,2.8
2025-02-12,Memphis Grizzlies,110.7,Los Angeles Clippers,112.0,Los Angeles Clippers,1.2
2025-02-12,Miami Heat,103.6,Oklahoma City Thunder,106.6,Oklahoma City Thunder,3.1
2025-02-12,Golden State Warriors,112.9,Dallas Mavericks,111.9,Golden State Warriors,1.0
2025-02-12,Sacramento Kings,113.9,New Orleans Pelicans,93.4,Sacramento Kings,20.5
2025-02-12,San Antonio Spurs,109.9,Boston Celtics,119.4,Boston Celtics,9.5
2025-02-12,Detroit Pistons,128.7,Chicago Bulls,121.6,Detroit Pistons,7.2
2025-02-12,Cleveland Cavaliers,135.6,Toronto Raptors,126.7,Cleveland Cavaliers,8.8
2025-02-12,Atlanta Hawks,115.0,New York Knicks,125.6,New York Knicks,10.5
2025-02-12,Philadelphia 76ers,111.5,Brooklyn Nets,100.5,Philadelphia 76ers,11.0
2025-02-12,Indiana Pacers,117.3,Washington Wizards,106.0,Indiana Pacers,11.3
2025-02-12,Charlotte Hornets,102.6,Orlando Magic,103.0,Orlando Magic,0.4
2025-02-12,Milwaukee Bucks,107.5,Minnesota Timberwolves,106.1,Milwaukee Bucks,1.4
2025-02-13,Oklahoma City Thunder,97.0,Minnesota Timberwolves,96.9,Oklahoma City Thunder,0.1
2025-02-13,Miami Heat,123.8,Dallas Mavericks,118.4,Miami Heat,5.4
2025-02-13,Golden State Warriors,102.6,Houston Rockets,109.9,Houston Rockets,7.4
2025-02-13,Sacramento Kings,113.9,New Orleans Pelicans,93.4,Sacramento Kings,20.5
2025-02-20,Los Angeles Lakers,103.7,Portland Trail Blazers,110.8,Portland Trail Blazers,7.1
2025-02-20,Memphis Grizzlies,119.3,Indiana Pacers,97.5,Memphis Grizzlies,21.8
2025-02-20,Boston Celtics,110.6,Philadelphia 76ers,96.2,Boston Celtics,14.4
2025-02-20,Orlando Magic,108.3,Atlanta Hawks,96.6,Orlando Magic,11.7
2025-02-20,Cleveland Cavaliers,129.0,Brooklyn Nets,115.7,Cleveland Cavaliers,13.3
2025-02-20,Chicago Bulls,120.6,New York Knicks,132.3,New York Knicks,11.7
2025-02-20,Los Angeles Clippers,111.6,Milwaukee Bucks,112.5,Milwaukee Bucks,0.9
2025-02-20,Charlotte Hornets,113.7,Denver Nuggets,116.6,Denver Nuggets,3.0
2025-02-20,Phoenix Suns,118.7,San Antonio Spurs,110.7,Phoenix Suns,8.1
2025-02-21,New Orleans Pelicans,107.2,Dallas Mavericks,119.6,Dallas Mavericks,12.3
2025-02-21,Detroit Pistons,115.3,San Antonio Spurs,106.2,Detroit Pistons,9.1
2025-02-21,Minnesota Timberwolves,110.3,Houston Rockets,114.6,Houston Rockets,4.3
2025-02-21,New York Knicks,122.7,Cleveland Cavaliers,129.3,Cleveland Cavaliers,6.7
2025-02-21,Milwaukee Bucks,125.7,Washington Wizards,100.1,Milwaukee Bucks,25.6
2025-02-21,Memphis Grizzlies,111.5,Orlando Magic,99.6,Memphis Grizzlies,11.9
2025-02-21,Oklahoma City Thunder,111.7,Utah Jazz,97.2,Oklahoma City Thunder,14.6
2025-02-21,Miami Heat,116.2,Toronto Raptors,118.5,Toronto Raptors,2.3
2025-02-21,Golden State Warriors,113.5,Sacramento Kings,107.0,Golden State Warriors,6.5
2025-02-22,Charlotte Hornets,115.7,Portland Trail Blazers,108.5,Charlotte Hornets,7.2
2025-02-22,Houston Rockets,117.8,Utah Jazz,97.0,Houston Rockets,20.9
2025-02-22,Los Angeles Lakers,108.5,Denver Nuggets,116.3,Denver Nuggets,7.8
2025-02-22,Brooklyn Nets,100.2,Philadelphia 76ers,105.4,Philadelphia 76ers,5.3
2025-02-22,Phoenix Suns,135.5,Chicago Bulls,127.2,Phoenix Suns,8.4
2025-02-23,Miami Heat,110.2,Milwaukee Bucks,116.5,Milwaukee Bucks,6.3
2025-02-23,Memphis Grizzlies,120.8,Cleveland Cavaliers,126.8,Cleveland Cavaliers,6.0
2025-02-23,San Antonio Spurs,115.9,New Orleans Pelicans,98.8,San Antonio Spurs,17.1
2025-02-23,Oklahoma City Thunder,97.0,Minnesota Timberwolves,96.9,Oklahoma City Thunder,0.1
2025-02-23,Phoenix Suns,122.2,Toronto Raptors,124.8,Toronto Raptors,2.6
2025-02-23,New York Knicks,123.1,Boston Celtics,122.1,New York Knicks,1.0
2025-02-23,Detroit Pistons,113.4,Atlanta Hawks,108.7,Detroit Pistons,4.7
2025-02-23,Dallas Mavericks,120.5,Golden State Warriors,118.1,Dallas Mavericks,2.4
2025-02-23,Washington Wizards,95.9,Orlando Magic,106.8,Orlando Magic,10.9
2025-02-23,Los Angeles Clippers,115.9,Indiana Pacers,96.8,Los Angeles Clippers,19.1
2025-02-24,Charlotte Hornets,117.2,Sacramento Kings,115.1,Charlotte Hornets,2.1
2025-02-24,Los Angeles Clippers,108.0,Detroit Pistons,96.3,Los Angeles Clippers,11.7
2025-02-24,Denver Nuggets,120.5,Indiana Pacers,103.2,Denver Nuggets,17.3
2025-02-24,Chicago Bulls,115.3,Philadelphia 76ers,117.4,Philadelphia 76ers,2.0
2025-02-24,Brooklyn Nets,117.7,Washington Wizards,112.9,Brooklyn Nets,4.9
2025-02-24,Miami Heat,118.1,Atlanta Hawks,112.9,Miami Heat,5.2
2025-02-24,Minnesota Timberwolves,99.9,Oklahoma City Thunder,100.5,Oklahoma City Thunder,0.5
2025-02-24,Portland Trail Blazers,109.8,Utah Jazz,102.2,Portland Trail Blazers,7.6
2025-02-25,Dallas Mavericks,125.6,Los Angeles Lakers,116.6,Dallas Mavericks,9.0
2025-02-25,Charlotte Hornets,109.8,Golden State Warriors,116.4,Golden State Warriors,6.6
2025-02-25,San Antonio Spurs,115.9,New Orleans Pelicans,98.8,San Antonio Spurs,17.1
2025-02-25,Boston Celtics,124.7,Toronto Raptors,119.7,Boston Celtics,5.0
2025-02-25,Milwaukee Bucks,116.8,Houston Rockets,116.7,Milwaukee Bucks,0.1
2025-02-25,Cleveland Cavaliers,120.0,Orlando Magic,107.9,Cleveland Cavaliers,12.1
2025-02-25,Phoenix Suns,118.1,Memphis Grizzlies,130.6,Memphis Grizzlies,12.5
2025-02-26,Atlanta Hawks,115.5,Miami Heat,119.1,Miami Heat,3.6
2025-02-26,Sacramento Kings,108.1,Utah Jazz,102.8,Sacramento Kings,5.3
2025-02-26,Los Angeles Clippers,126.6,Chicago Bulls,109.6,Los Angeles Clippers,17.0
2025-02-26,San Antonio Spurs,102.6,Houston Rockets,117.0,Houston Rockets,14.5
2025-02-26,Portland Trail Blazers,117.2,Washington Wizards,105.2,Portland Trail Blazers,12.0
2025-02-26,Philadelphia 76ers,104.9,New York Knicks,123.1,New York Knicks,18.2
2025-02-26,Toronto Raptors,117.3,Indiana Pacers,99.4,Toronto Raptors,17.9
2025-02-26,Boston Celtics,115.3,Detroit Pistons,100.7,Boston Celtics,14.6
2025-02-26,Oklahoma City Thunder,111.4,Brooklyn Nets,98.1,Oklahoma City Thunder,13.4
2025-02-27,Golden State Warriors,108.6,Orlando Magic,97.4,Golden State Warriors,11.1
2025-02-27,Denver Nuggets,125.5,Milwaukee Bucks,128.1,Milwaukee Bucks,2.6
2025-02-27,Charlotte Hornets,117.0,Dallas Mavericks,117.1,Dallas Mavericks,0.1
2025-02-27,New Orleans Pelicans,103.4,Phoenix Suns,120.3,Phoenix Suns,16.8
2025-02-27,Minnesota Timberwolves,120.7,Los Angeles Lakers,104.8,Minnesota Timberwolves,15.8
2025-02-28,Los Angeles Clippers,115.1,Los Angeles Lakers,97.5,Los Angeles Clippers,17.5
2025-02-28,Minnesota Timberwolves,112.3,Utah Jazz,100.1,Minnesota Timberwolves,12.2
2025-02-28,New Orleans Pelicans,103.4,Phoenix Suns,120.3,Phoenix Suns,16.8
2025-02-28,Indiana Pacers,103.4,Miami Heat,105.7,Miami Heat,2.3
2025-02-28,New York Knicks,121.8,Memphis Grizzlies,127.4,Memphis Grizzlies,5.6
2025-02-28,Oklahoma City Thunder,117.6,Atlanta Hawks,101.8,Oklahoma City Thunder,15.7
2025-02-28,Portland Trail Blazers,113.9,Brooklyn Nets,103.1,Portland Trail Blazers,10.8
2025-02-28,Cleveland Cavaliers,128.0,Boston Celtics,125.9,Cleveland Cavaliers,2.0
2025-02-28,Denver Nuggets,121.2,Detroit Pistons,107.4,Denver Nuggets,13.8
2025-02-28,Toronto Raptors,134.6,Chicago Bulls,124.1,Toronto Raptors,10.5
2025-03-01,Milwaukee Bucks,128.7,Dallas Mavericks,121.1,Milwaukee Bucks,7.6
2025-03-01,Golden State Warriors,110.7,Philadelphia 76ers,97.3,Golden State Warriors,13.4
2025-03-01,San Antonio Spurs,107.5,Memphis Grizzlies,123.3,Memphis Grizzlies,15.8
2025-03-01,Sacramento Kings,115.6,Houston Rockets,117.8,Houston Rockets,2.3
2025-03-01,Brooklyn Nets,111.9,Detroit Pistons,113.8,Detroit Pistons,1.8
2025-03-01,Washington Wizards,96.9,Charlotte Hornets,102.3,Charlotte Hornets,5.4
2025-03-02,New Orleans Pelicans,108.3,Utah Jazz,103.6,New Orleans Pelicans,4.6
2025-03-02,Los Angeles Clippers,115.1,Los Angeles Lakers,97.5,Los Angeles Clippers,17.5
2025-03-02,Minnesota Timberwolves,113.5,Phoenix Suns,109.0,Minnesota Timberwolves,4.6
2025-03-02,Oklahoma City Thunder,108.7,San Antonio Spurs,98.9,Oklahoma City Thunder,9.8
2025-03-02,Denver Nuggets,119.4,Boston Celtics,123.8,Boston Celtics,4.4
2025-03-02,New York Knicks,118.1,Miami Heat,111.5,New York Knicks,6.6
2025-03-02,Chicago Bulls,119.6,Indiana Pacers,116.8,Chicago Bulls,2.8
2025-03-02,Portland Trail Blazers,117.7,Cleveland Cavaliers,122.1,Cleveland Cavaliers,4.5
2025-03-02,Toronto Raptors,114.6,Orlando Magic,103.8,Toronto Raptors,10.8
2025-03-03,Golden State Warriors,100.5,Charlotte Hornets,98.0,Golden State Warriors,2.5
2025-03-03,Portland Trail Blazers,104.2,Philadelphia 76ers,100.7,Portland Trail Blazers,3.5
2025-03-03,Washington Wizards,105.4,Miami Heat,115.6,Miami Heat,10.1
2025-03-03,Atlanta Hawks,111.8,Memphis Grizzlies,124.6,Memphis Grizzlies,12.8
2025-03-03,Houston Rockets,106.8,Oklahoma City Thunder,109.5,Oklahoma City Thunder,2.8
2025-03-03,Sacramento Kings,129.4,Dallas Mavericks,123.1,Sacramento Kings,6.3
2025-03-03,Detroit Pistons,112.0,Utah Jazz,101.8,Detroit Pistons,10.2
2025-03-04,New Orleans Pelicans,107.5,Los Angeles Lakers,110.9,Los Angeles Lakers,3.4
2025-03-04,Los Angeles Clippers,105.9,Phoenix Suns,100.7,Los Angeles Clippers,5.1
2025-03-04,Brooklyn Nets,109.6,San Antonio Spurs,110.1,San Antonio Spurs,0.6
2025-03-04,Philadelphia 76ers,94.2,Minnesota Timberwolves,98.0,Minnesota Timberwolves,3.8
2025-03-04,Houston Rockets,118.2,Indiana Pacers,92.8,Houston Rockets,25.4
2025-03-04,Golden State Warriors,102.5,New York Knicks,116.4,New York Knicks,13.9
2025-03-04,Milwaukee Bucks,124.6,Atlanta Hawks,110.6,Milwaukee Bucks,14.0
2025-03-04,Toronto Raptors,114.6,Orlando Magic,103.8,Toronto Raptors,10.8
2025-03-04,Cleveland Cavaliers,142.6,Chicago Bulls,128.1,Cleveland Cavaliers,14.6
2025-03-05,Sacramento Kings,120.3,Denver Nuggets,117.8,Sacramento Kings,2.5
2025-03-05,Detroit Pistons,101.0,Los Angeles Clippers,108.4,Los Angeles Clippers,7.4
2025-03-05,Oklahoma City Thunder,114.4,Memphis Grizzlies,125.5,Memphis Grizzlies,11.1
2025-03-05,Dallas Mavericks,119.5,Milwaukee Bucks,124.6,Milwaukee Bucks,5.1
2025-03-05,Miami Heat,118.6,Cleveland Cavaliers,126.3,Cleveland Cavaliers,7.7
2025-03-05,Minnesota Timberwolves,93.4,Charlotte Hornets,90.3,Minnesota Timberwolves,3.1
2025-03-05,Portland Trail Blazers,116.2,Boston Celtics,120.8,Boston Celtics,4.5
2025-03-05,Utah Jazz,121.8,Washington Wizards,113.8,Utah Jazz,8.0
2025-03-06,Indiana Pacers,116.0,Atlanta Hawks,120.8,Atlanta Hawks,4.8
2025-03-06,Philadelphia 76ers,109.9,Boston Celtics,117.7,Boston Celtics,7.8
2025-03-06,Golden State Warriors,117.9,Brooklyn Nets,103.3,Golden State Warriors,14.6
2025-03-06,Houston Rockets,122.1,New Orleans Pelicans,82.8,Houston Rockets,39.3
2025-03-06,New York Knicks,126.2,Los Angeles Lakers,112.0,New York Knicks,14.2
2025-03-07,New York Knicks,115.3,Los Angeles Clippers,117.2,Los Angeles Clippers,1.9
2025-03-07,San Antonio Spurs,124.0,Sacramento Kings,122.7,San Antonio Spurs,1.2
2025-03-07,Portland Trail Blazers,104.3,Oklahoma City Thunder,109.6,Oklahoma City Thunder,5.3
2025-03-07,Phoenix Suns,121.3,Denver Nuggets,122.8,Denver Nuggets,1.5
2025-03-07,Utah Jazz,117.3,Toronto Raptors,124.6,Toronto Raptors,7.3
2025-03-07,Memphis Grizzlies,130.1,Dallas Mavericks,120.1,Memphis Grizzlies,10.0
2025-03-07,Cleveland Cavaliers,106.5,Charlotte Hornets,101.6,Cleveland Cavaliers,4.9
2025-03-07,Minnesota Timberwolves,101.3,Miami Heat,98.3,Minnesota Timberwolves,3.0
2025-03-08,Brooklyn Nets,95.5,Charlotte Hornets,96.6,Charlotte Hornets,1.1
2025-03-08,New Orleans Pelicans,95.5,Houston Rockets,115.7,Houston Rockets,20.2
2025-03-08,Indiana Pacers,116.0,Atlanta Hawks,120.8,Atlanta Hawks,4.8
2025-03-08,Washington Wizards,109.9,Toronto Raptors,124.8,Toronto Raptors,14.8
2025-03-08,Chicago Bulls,117.2,Miami Heat,121.0,Miami Heat,3.8
2025-03-08,Orlando Magic,102.8,Milwaukee Bucks,107.0,Milwaukee Bucks,4.1
2025-03-08,Los Angeles Lakers,115.2,Boston Celtics,121.1,Boston Celtics,5.9
2025-03-08,Detroit Pistons,112.7,Golden State Warriors,118.7,Golden State Warriors,6.0
2025-03-09,San Antonio Spurs,101.0,Minnesota Timberwolves,106.1,Minnesota Timberwolves,5.1
2025-03-09,Sacramento Kings,108.1,Los Angeles Clippers,113.6,Los Angeles Clippers,5.6
2025-03-09,Detroit Pistons,116.7,Portland Trail Blazers,111.9,Detroit Pistons,4.8
2025-03-09,Cleveland Cavaliers,128.1,Milwaukee Bucks,130.2,Milwaukee Bucks,2.2
2025-03-09,Denver Nuggets,120.3,Oklahoma City Thunder,120.2,Denver Nuggets,0.1
2025-03-09,Memphis Grizzlies,121.6,New Orleans Pelicans,86.8,Memphis Grizzlies,34.8
2025-03-09,Phoenix Suns,125.1,Dallas Mavericks,124.4,Phoenix Suns,0.7
2025-03-09,Utah Jazz,106.8,Philadelphia 76ers,107.0,Philadelphia 76ers,0.1
2025-03-10,New York Knicks,130.2,Sacramento Kings,119.3,New York Knicks,10.9
2025-03-10,Portland Trail Blazers,114.6,Golden State Warriors,115.6,Golden State Warriors,1.0
2025-03-10,Dallas Mavericks,124.6,San Antonio Spurs,117.4,Dallas Mavericks,7.2
2025-03-10,Phoenix Suns,118.1,Memphis Grizzlies,130.6,Memphis Grizzlies,12.5
2025-03-10,Orlando Magic,100.7,Houston Rockets,103.3,Houston Rockets,2.6
2025-03-10,Denver Nuggets,120.3,Oklahoma City Thunder,120.2,Denver Nuggets,0.1
2025-03-10,Washington Wizards,109.9,Toronto Raptors,124.8,Toronto Raptors,14.8
2025-03-10,Charlotte Hornets,112.8,Miami Heat,118.0,Miami Heat,5.2
2025-03-10,Los Angeles Lakers,110.1,Brooklyn Nets,104.5,Los Angeles Lakers,5.6
2025-03-10,Utah Jazz,110.9,Boston Celtics,123.8,Boston Celtics,12.9
2025-03-10,Philadelphia 76ers,111.1,Atlanta Hawks,103.9,Philadelphia 76ers,7.2
2025-03-10,Indiana Pacers,123.4,Chicago Bulls,123.4,Indiana Pacers,0.0
2025-03-11,Brooklyn Nets,123.2,Cleveland Cavaliers,133.6,Cleveland Cavaliers,10.4
2025-03-11,Washington Wizards,111.6,Detroit Pistons,119.9,Detroit Pistons,8.3
2025-03-11,Milwaukee Bucks,123.0,Indiana Pacers,100.9,Milwaukee Bucks,22.1
2025-03-11,Los Angeles Clippers,116.8,New Orleans Pelicans,87.6,Los Angeles Clippers,29.2
2025-03-12,New York Knicks,129.9,Portland Trail Blazers,122.1,New York Knicks,7.7
2025-03-12,Minnesota Timberwolves,120.9,Denver Nuggets,112.2,Minnesota Timberwolves,8.7
2025-03-12,Dallas Mavericks,124.6,San Antonio Spurs,117.4,Dallas Mavericks,7.2
2025-03-12,Los Angeles Clippers,98.7,Miami Heat,94.9,Los Angeles Clippers,3.8
2025-03-12,Utah Jazz,111.4,Memphis Grizzlies,127.2,Memphis Grizzlies,15.8
2025-03-12,Philadelphia 76ers,112.4,Toronto Raptors,120.5,Toronto Raptors,8.0
2025-03-12,Oklahoma City Thunder,114.1,Boston Celtics,119.3,Boston Celtics,5.2
2025-03-12,Charlotte Hornets,114.9,Atlanta Hawks,113.7,Charlotte Hornets,1.2
2025-03-12,Chicago Bulls,111.4,Orlando Magic,116.0,Orlando Magic,4.5
2025-03-12,Phoenix Suns,114.6,Houston Rockets,125.8,Houston Rockets,11.2
2025-03-13,Washington Wizards,111.6,Detroit Pistons,119.9,Detroit Pistons,8.3
2025-03-13,Los Angeles Lakers,109.3,Milwaukee Bucks,117.5,Milwaukee Bucks,8.2
2025-03-13,Brooklyn Nets,128.5,Chicago Bulls,127.5,Brooklyn Nets,1.0
2025-03-13,Sacramento Kings,121.4,Golden State Warriors,117.8,Sacramento Kings,3.7
2025-03-14,Sacramento Kings,126.7,Phoenix Suns,122.1,Sacramento Kings,4.5
2025-03-14,Toronto Raptors,113.6,Utah Jazz,99.5,Toronto Raptors,14.1
2025-03-14,Los Angeles Lakers,108.5,Denver Nuggets,116.3,Denver Nuggets,7.8
2025-03-14,Charlotte Hornets,113.9,San Antonio Spurs,114.0,San Antonio Spurs,0.0
2025-03-14,Orlando Magic,94.2,Minnesota Timberwolves,93.5,Orlando Magic,0.7
2025-03-14,Los Angeles Clippers,113.6,Atlanta Hawks,98.1,Los Angeles Clippers,15.5
2025-03-14,Dallas Mavericks,116.9,Houston Rockets,119.9,Houston Rockets,3.1
2025-03-14,Indiana Pacers,102.9,Philadelphia 76ers,100.4,Indiana Pacers,2.5
2025-03-14,Boston Celtics,117.5,Miami Heat,111.8,Boston Celtics,5.7
2025-03-14,Cleveland Cavaliers,130.5,Memphis Grizzlies,133.0,Memphis Grizzlies,2.6
2025-03-15,New Orleans Pelicans,107.7,San Antonio Spurs,106.9,New Orleans Pelicans,0.8
2025-03-15,Washington Wizards,109.7,Denver Nuggets,121.6,Denver Nuggets,11.9
2025-03-15,New York Knicks,122.3,Golden State Warriors,115.5,New York Knicks,6.7
2025-03-15,Indiana Pacers,120.5,Milwaukee Bucks,128.7,Milwaukee Bucks,8.3
2025-03-15,Chicago Bulls,109.9,Houston Rockets,123.1,Houston Rockets,13.2
2025-03-15,Oklahoma City Thunder,109.5,Detroit Pistons,97.6,Oklahoma City Thunder,12.0
2025-03-15,Boston Celtics,125.7,Brooklyn Nets,105.8,Boston Celtics,20.0
2025-03-15,Miami Heat,109.0,Memphis Grizzlies,120.2,Memphis Grizzlies,11.2
2025-03-16,Washington Wizards,100.7,Los Angeles Clippers,116.1,Los Angeles Clippers,15.4
2025-03-16,Oklahoma City Thunder,110.8,Milwaukee Bucks,115.5,Milwaukee Bucks,4.7
2025-03-16,Utah Jazz,113.1,Minnesota Timberwolves,121.3,Minnesota Timberwolves,8.2
2025-03-16,Toronto Raptors,123.5,Portland Trail Blazers,115.3,Toronto Raptors,8.2
2025-03-16,Phoenix Suns,127.5,Los Angeles Lakers,118.6,Phoenix Suns,8.9
2025-03-16,Atlanta Hawks,116.1,Brooklyn Nets,106.6,Atlanta Hawks,9.5
2025-03-16,Orlando Magic,109.6,Cleveland Cavaliers,116.5,Cleveland Cavaliers,7.0
2025-03-16,Philadelphia 76ers,119.4,Dallas Mavericks,119.5,Dallas Mavericks,0.1
2025-03-17,Memphis Grizzlies,130.6,Sacramento Kings,115.2,Memphis Grizzlies,15.4
2025-03-17,Miami Heat,112.8,New York Knicks,122.0,New York Knicks,9.2
2025-03-17,Philadelphia 76ers,102.4,Houston Rockets,111.1,Houston Rockets,8.7
2025-03-17,Indiana Pacers,105.2,Minnesota Timberwolves,109.6,Minnesota Timberwolves,4.4
2025-03-17,Detroit Pistons,118.2,New Orleans Pelicans,91.7,Detroit Pistons,26.5
2025-03-17,Orlando Magic,101.7,San Antonio Spurs,92.1,Orlando Magic,9.6
2025-03-17,Chicago Bulls,118.1,Utah Jazz,118.8,Utah Jazz,0.8
2025-03-17,Denver Nuggets,124.3,Golden State Warriors,118.9,Denver Nuggets,5.4
2025-03-17,Toronto Raptors,124.5,Phoenix Suns,124.4,Toronto Raptors,0.2
2025-03-18,Atlanta Hawks,103.5,Charlotte Hornets,103.3,Atlanta Hawks,0.3
2025-03-18,Brooklyn Nets,115.5,Boston Celtics,120.8,Boston Celtics,5.3
2025-03-18,Washington Wizards,108.6,Portland Trail Blazers,120.7,Portland Trail Blazers,12.1
2025-03-18,Cleveland Cavaliers,127.9,Los Angeles Clippers,125.5,Cleveland Cavaliers,2.4
2025-03-18,Milwaukee Bucks,127.6,Los Angeles Lakers,108.8,Milwaukee Bucks,18.8
2025-03-19,Memphis Grizzlies,127.8,Portland Trail Blazers,115.0,Memphis Grizzlies,12.8
2025-03-19,Chicago Bulls,125.3,Phoenix Suns,125.5,Phoenix Suns,0.2
2025-03-19,Toronto Raptors,119.3,Golden State Warriors,120.6,Golden State Warriors,1.3
2025-03-19,Cleveland Cavaliers,138.6,Sacramento Kings,127.0,Cleveland Cavaliers,11.5
2025-03-19,Los Angeles Clippers,109.8,Utah Jazz,95.2,Los Angeles Clippers,14.6
2025-03-19,Denver Nuggets,124.4,Los Angeles Lakers,110.3,Denver Nuggets,14.1
2025-03-19,Philadelphia 76ers,96.6,Oklahoma City Thunder,101.1,Oklahoma City Thunder,4.5
2025-03-19,New Orleans Pelicans,98.2,Minnesota Timberwolves,108.7,Minnesota Timberwolves,10.5
2025-03-19,Detroit Pistons,109.2,Miami Heat,108.0,Detroit Pistons,1.2
2025-03-19,Houston Rockets,112.5,Orlando Magic,98.2,Houston Rockets,14.4
2025-03-19,Dallas Mavericks,116.3,Indiana Pacers,103.4,Dallas Mavericks,12.9
2025-03-19,New York Knicks,117.8,San Antonio Spurs,106.8,New York Knicks,11.0
2025-03-20,New York Knicks,103.4,Charlotte Hornets,99.1,New York Knicks,4.3
2025-03-20,Brooklyn Nets,113.0,Indiana Pacers,110.2,Brooklyn Nets,2.8
2025-03-20,Milwaukee Bucks,121.6,Golden State Warriors,112.1,Milwaukee Bucks,9.5
2025-03-20,Chicago Bulls,123.0,Sacramento Kings,125.7,Sacramento Kings,2.6
2025-03-21,Memphis Grizzlies,110.7,Los Angeles Clippers,112.0,Los Angeles Clippers,1.2
2025-03-21,Denver Nuggets,129.3,Portland Trail Blazers,123.3,Denver Nuggets,6.0
2025-03-21,Cleveland Cavaliers,134.0,Phoenix Suns,125.2,Cleveland Cavaliers,8.9
2025-03-21,Boston Celtics,121.4,Utah Jazz,105.3,Boston Celtics,16.1
2025-03-21,Detroit Pistons,117.2,Dallas Mavericks,119.3,Dallas Mavericks,2.1
2025-03-21,Philadelphia 76ers,103.6,San Antonio Spurs,98.6,Philadelphia 76ers,5.0
2025-03-21,New Orleans Pelicans,98.2,Minnesota Timberwolves,108.7,Minnesota Timberwolves,10.5
2025-03-21,Houston Rockets,116.5,Miami Heat,109.2,Houston Rockets,7.3
2025-03-21,Orlando Magic,115.4,Washington Wizards,93.9,Orlando Magic,21.5
2025-03-21,Charlotte Hornets,100.7,Oklahoma City Thunder,112.4,Oklahoma City Thunder,11.7
2025-03-22,Brooklyn Nets,113.0,Indiana Pacers,110.2,Brooklyn Nets,2.8
2025-03-22,Golden State Warriors,112.4,Atlanta Hawks,102.8,Golden State Warriors,9.6
2025-03-22,Washington Wizards,109.9,New York Knicks,130.5,New York Knicks,20.6
2025-03-22,Milwaukee Bucks,130.7,Sacramento Kings,118.2,Milwaukee Bucks,12.5
2025-03-22,Chicago Bulls,123.5,Los Angeles Lakers,123.4,Chicago Bulls,0.1
2025-03-23,Boston Celtics,125.8,Portland Trail Blazers,115.0,Boston Celtics,10.8
2025-03-23,Denver Nuggets,122.5,Houston Rockets,121.7,Denver Nuggets,0.8
2025-03-23,San Antonio Spurs,114.2,Toronto Raptors,123.6,Toronto Raptors,9.4
2025-03-23,Oklahoma City Thunder,101.8,Los Angeles Clippers,103.7,Los Angeles Clippers,1.9
2025-03-23,Charlotte Hornets,112.8,Miami Heat,118.0,Miami Heat,5.2
2025-03-23,Cleveland Cavaliers,127.6,Utah Jazz,114.1,Cleveland Cavaliers,13.5
2025-03-23,New Orleans Pelicans,101.1,Detroit Pistons,106.5,Detroit Pistons,5.4
2025-03-23,Philadelphia 76ers,111.1,Atlanta Hawks,103.9,Philadelphia 76ers,7.2
2025-03-24,Milwaukee Bucks,119.1,Phoenix Suns,113.7,Milwaukee Bucks,5.3
2025-03-24,Chicago Bulls,115.9,Denver Nuggets,122.5,Denver Nuggets,6.6
2025-03-24,Philadelphia 76ers,113.9,New Orleans Pelicans,89.9,Philadelphia 76ers,24.0
2025-03-24,Boston Celtics,131.4,Sacramento Kings,120.5,Boston Celtics,10.9
2025-03-24,Toronto Raptors,123.9,Washington Wizards,101.1,Toronto Raptors,22.8
2025-03-24,Los Angeles Lakers,102.4,Orlando Magic,102.1,Los Angeles Lakers,0.3
2025-03-24,Minnesota Timberwolves,117.7,Indiana Pacers,100.5,Minnesota Timberwolves,17.2
2025-03-24,Dallas Mavericks,118.3,Brooklyn Nets,110.4,Dallas Mavericks,7.9
2025-03-25,Orlando Magic,91.8,Charlotte Hornets,88.6,Orlando Magic,3.2
2025-03-25,San Antonio Spurs,115.3,Detroit Pistons,113.9,San Antonio Spurs,1.4
2025-03-25,Golden State Warriors,106.7,Miami Heat,106.2,Golden State Warriors,0.5
2025-03-25,Dallas Mavericks,121.0,New York Knicks,129.5,New York Knicks,8.5
2025-03-25,Atlanta Hawks,108.2,Houston Rockets,120.3,Houston Rockets,12.1
2025-03-25,Memphis Grizzlies,117.8,Utah Jazz,100.5,Memphis Grizzlies,17.3
2025-03-25,Cleveland Cavaliers,137.3,Portland Trail Blazers,128.8,Cleveland Cavaliers,8.5
2025-03-25,Oklahoma City Thunder,126.3,Sacramento Kings,109.8,Oklahoma City Thunder,16.5
2025-03-26,Milwaukee Bucks,126.5,Denver Nuggets,119.1,Milwaukee Bucks,7.4
2025-03-26,Los Angeles Clippers,109.2,New York Knicks,117.2,New York Knicks,8.0
2025-03-26,Boston Celtics,122.0,Phoenix Suns,116.4,Boston Celtics,5.6
2025-03-26,Toronto Raptors,117.1,Brooklyn Nets,104.1,Toronto Raptors,13.0
2025-03-26,Washington Wizards,102.6,Philadelphia 76ers,111.2,Philadelphia 76ers,8.6
2025-03-26,Los Angeles Lakers,107.8,Indiana Pacers,104.5,Los Angeles Lakers,3.3
2025-03-27,San Antonio Spurs,116.3,Cleveland Cavaliers,124.1,Cleveland Cavaliers,7.8
2025-03-27,Dallas Mavericks,114.8,Orlando Magic,106.5,Dallas Mavericks,8.3
2025-03-27,Indiana Pacers,117.3,Washington Wizards,106.0,Indiana Pacers,11.3
2025-03-27,Atlanta Hawks,115.5,Miami Heat,119.1,Miami Heat,3.6
2025-03-27,Los Angeles Lakers,124.6,Chicago Bulls,119.2,Los Angeles Lakers,5.4
2025-03-27,Memphis Grizzlies,117.5,Oklahoma City Thunder,119.8,Oklahoma City Thunder,2.3
2025-03-27,Houston Rockets,117.8,Utah Jazz,97.0,Houston Rockets,20.9
2025-03-27,Portland Trail Blazers,114.4,Sacramento Kings,110.3,Portland Trail Blazers,4.0
2025-03-28,Utah Jazz,116.5,Denver Nuggets,118.9,Denver Nuggets,2.4
2025-03-28,Golden State Warriors,119.9,New Orleans Pelicans,90.0,Golden State Warriors,30.0
2025-03-28,Phoenix Suns,107.5,Minnesota Timberwolves,109.5,Minnesota Timberwolves,2.0
2025-03-28,Charlotte Hornets,114.8,Toronto Raptors,120.9,Toronto Raptors,6.1
2025-03-28,Los Angeles Clippers,112.6,Brooklyn Nets,96.8,Los Angeles Clippers,15.7
2025-03-28,Cleveland Cavaliers,130.7,Detroit Pistons,115.6,Cleveland Cavaliers,15.1
2025-03-28,New York Knicks,117.8,Milwaukee Bucks,121.7,Milwaukee Bucks,3.8
2025-03-29,Sacramento Kings,110.3,Orlando Magic,104.8,Sacramento Kings,5.5
2025-03-29,Brooklyn Nets,117.7,Washington Wizards,112.9,Brooklyn Nets,4.9
2025-03-29,Miami Heat,105.0,Philadelphia 76ers,102.3,Miami Heat,2.7
2025-03-29,Dallas Mavericks,135.4,Chicago Bulls,127.6,Dallas Mavericks,7.8
2025-03-29,Los Angeles Lakers,110.5,Memphis Grizzlies,123.0,Memphis Grizzlies,12.5
2025-03-29,Indiana Pacers,108.0,Oklahoma City Thunder,116.1,Oklahoma City Thunder,8.1
2025-03-29,Boston Celtics,122.4,San Antonio Spurs,108.2,Boston Celtics,14.2
2025-03-30,Houston Rockets,115.5,Phoenix Suns,109.3,Houston Rockets,6.1
2025-03-30,Toronto Raptors,115.9,Philadelphia 76ers,103.2,Toronto Raptors,12.6
2025-03-30,Charlotte Hornets,117.6,New Orleans Pelicans,96.9,Charlotte Hornets,20.7
2025-03-30,Golden State Warriors,114.0,San Antonio Spurs,103.9,Golden State Warriors,10.2
2025-03-30,Atlanta Hawks,115.4,Milwaukee Bucks,123.8,Milwaukee Bucks,8.4
2025-03-30,Los Angeles Clippers,116.1,Cleveland Cavaliers,119.8,Cleveland Cavaliers,3.7
2025-03-30,Detroit Pistons,103.0,Minnesota Timberwolves,107.0,Minnesota Timberwolves,4.0
2025-03-30,Portland Trail Blazers,109.4,New York Knicks,118.5,New York Knicks,9.1
2025-03-31,Utah Jazz,101.6,Charlotte Hornets,104.7,Charlotte Hornets,3.1
2025-03-31,Sacramento Kings,113.5,Indiana Pacers,103.2,Sacramento Kings,10.4
2025-03-31,Los Angeles Clippers,104.0,Orlando Magic,94.6,Los Angeles Clippers,9.4
2025-03-31,Miami Heat,121.8,Washington Wizards,109.1,Miami Heat,12.7
2025-03-31,Boston Celtics,112.2,Memphis Grizzlies,120.7,Memphis Grizzlies,8.5
2025-03-31,Chicago Bulls,116.4,Oklahoma City Thunder,125.4,Oklahoma City Thunder,9.1
2025-03-31,Brooklyn Nets,123.3,Dallas Mavericks,126.0,Dallas Mavericks,2.7
2025-03-31,Houston Rockets,120.6,Los Angeles Lakers,97.9,Houston Rockets,22.7
2025-04-01,Phoenix Suns,114.0,Milwaukee Bucks,124.4,Milwaukee Bucks,10.4
2025-04-01,Minnesota Timberwolves,120.9,Denver Nuggets,112.2,Minnesota Timberwolves,8.7
2025-04-01,Golden State Warriors,103.9,Memphis Grizzlies,118.4,Memphis Grizzlies,14.5
2025-04-01,Portland Trail Blazers,111.8,Atlanta Hawks,108.3,Portland Trail Blazers,3.4
2025-04-01,Philadelphia 76ers,104.9,New York Knicks,123.1,New York Knicks,18.2
2025-04-01,Toronto Raptors,134.6,Chicago Bulls,124.1,Toronto Raptors,10.5
2025-04-02,Detroit Pistons,103.9,Oklahoma City Thunder,115.3,Oklahoma City Thunder,11.4
2025-04-02,San Antonio Spurs,115.0,Denver Nuggets,120.8,Denver Nuggets,5.8
2025-04-02,Atlanta Hawks,123.0,Dallas Mavericks,120.5,Atlanta Hawks,2.5
2025-04-02,Utah Jazz,107.4,Houston Rockets,122.2,Houston Rockets,14.7
2025-04-02,New Orleans Pelicans,95.5,Los Angeles Clippers,109.6,Los Angeles Clippers,14.1
2025-04-02,Sacramento Kings,120.6,Washington Wizards,105.4,Sacramento Kings,15.3
2025-04-02,Charlotte Hornets,118.1,Indiana Pacers,105.0,Charlotte Hornets,13.1
2025-04-02,New York Knicks,122.7,Cleveland Cavaliers,129.3,Cleveland Cavaliers,6.7
2025-04-02,Miami Heat,110.4,Boston Celtics,117.7,Boston Celtics,7.4
2025-04-03,Golden State Warriors,115.1,Los Angeles Lakers,102.4,Golden State Warriors,12.6
2025-04-03,Portland Trail Blazers,111.8,Toronto Raptors,113.8,Toronto Raptors,2.0
2025-04-03,Milwaukee Bucks,112.9,Philadelphia 76ers,98.7,Milwaukee Bucks,14.2
2025-04-03,Orlando Magic,115.4,Washington Wizards,93.9,Orlando Magic,21.5
2025-04-03,Minnesota Timberwolves,115.4,Brooklyn Nets,99.3,Minnesota Timberwolves,16.1
2025-04-03,Memphis Grizzlies,118.9,Miami Heat,112.4,Memphis Grizzlies,6.5
2025-04-04,New Orleans Pelicans,107.5,Los Angeles Lakers,110.9,Los Angeles Lakers,3.4
2025-04-04,Denver Nuggets,124.3,Golden State Warriors,118.9,Denver Nuggets,5.4
2025-04-04,Cleveland Cavaliers,130.2,San Antonio Spurs,114.3,Cleveland Cavaliers,15.9
2025-04-04,Oklahoma City Thunder,110.8,Houston Rockets,118.0,Houston Rockets,7.2
2025-04-04,Dallas Mavericks,114.7,Los Angeles Clippers,118.2,Los Angeles Clippers,3.6
2025-04-04,Detroit Pistons,112.8,Toronto Raptors,120.2,Toronto Raptors,7.4
2025-04-04,Phoenix Suns,119.6,Boston Celtics,125.4,Boston Celtics,5.9
2025-04-04,Utah Jazz,115.7,Indiana Pacers,107.8,Utah Jazz,7.9
2025-04-04,Sacramento Kings,101.7,Charlotte Hornets,98.7,Sacramento Kings,3.0
2025-04-04,Portland Trail Blazers,124.3,Chicago Bulls,121.2,Portland Trail Blazers,3.1
2025-04-05,New York Knicks,126.1,Atlanta Hawks,113.3,New York Knicks,12.8
2025-04-05,Memphis Grizzlies,115.9,Detroit Pistons,99.2,Memphis Grizzlies,16.7
2025-04-05,Minnesota Timberwolves,103.4,Philadelphia 76ers,95.2,Minnesota Timberwolves,8.2
2025-04-05,Milwaukee Bucks,111.9,Miami Heat,106.9,Milwaukee Bucks,4.9
2025-04-05,Dallas Mavericks,114.7,Los Angeles Clippers,118.2,Los Angeles Clippers,3.6
2025-04-06,San Antonio Spurs,115.3,Portland Trail Blazers,115.2,San Antonio Spurs,0.1
2025-04-06,Indiana Pacers,117.2,Denver Nuggets,125.0,Denver Nuggets,7.7
2025-04-06,Phoenix Suns,120.2,New York Knicks,130.1,New York Knicks,10.0
2025-04-06,Orlando Magic,112.9,New Orleans Pelicans,84.8,Orlando Magic,28.1
2025-04-06,Houston Rockets,115.3,Golden State Warriors,109.6,Houston Rockets,5.7
2025-04-06,Sacramento Kings,123.8,Cleveland Cavaliers,130.2,Cleveland Cavaliers,6.4
2025-04-06,Utah Jazz,116.5,Atlanta Hawks,117.4,Atlanta Hawks,0.9
2025-04-06,Los Angeles Lakers,101.3,Oklahoma City Thunder,106.4,Oklahoma City Thunder,5.2
2025-04-06,Toronto Raptors,117.1,Brooklyn Nets,104.1,Toronto Raptors,13.0
2025-04-06,Chicago Bulls,109.7,Charlotte Hornets,111.7,Charlotte Hornets,2.1
2025-04-06,Washington Wizards,110.4,Boston Celtics,124.9,Boston Celtics,14.5
2025-04-07,Sacramento Kings,113.8,Detroit Pistons,108.9,Sacramento Kings,5.0
2025-04-07,Philadelphia 76ers,98.4,Miami Heat,100.5,Miami Heat,2.2
2025-04-08,San Antonio Spurs,99.8,Los Angeles Clippers,111.1,Los Angeles Clippers,11.3
2025-04-08,Golden State Warriors,103.8,Phoenix Suns,109.9,Phoenix Suns,6.2
2025-04-08,Los Angeles Lakers,101.3,Oklahoma City Thunder,106.4,Oklahoma City Thunder,5.2
2025-04-08,Minnesota Timberwolves,113.4,Milwaukee Bucks,115.2,Milwaukee Bucks,1.9
2025-04-08,Boston Celtics,112.6,New York Knicks,116.8,New York Knicks,4.2
2025-04-08,Atlanta Hawks,106.5,Orlando Magic,103.7,Atlanta Hawks,2.7
2025-04-08,Washington Wizards,112.5,Indiana Pacers,114.3,Indiana Pacers,1.8
2025-04-08,Chicago Bulls,124.0,Cleveland Cavaliers,134.8,Cleveland Cavaliers,10.8
2025-04-08,Memphis Grizzlies,109.4,Charlotte Hornets,102.9,Memphis Grizzlies,6.4
2025-04-08,New Orleans Pelicans,111.2,Brooklyn Nets,107.4,New Orleans Pelicans,3.8
2025-04-09,Portland Trail Blazers,109.8,Utah Jazz,102.2,Portland Trail Blazers,7.6
2025-04-09,Houston Rockets,103.6,Los Angeles Clippers,100.6,Houston Rockets,3.1
2025-04-09,Oklahoma City Thunder,114.9,Phoenix Suns,111.4,Oklahoma City Thunder,3.5
2025-04-09,San Antonio Spurs,115.3,Golden State Warriors,121.2,Golden State Warriors,5.9
2025-04-09,New Orleans Pelicans,99.4,Milwaukee Bucks,119.6,Milwaukee Bucks,20.2
2025-04-09,Denver Nuggets,128.0,Sacramento Kings,119.9,Denver Nuggets,8.1
2025-04-09,Charlotte Hornets,114.8,Toronto Raptors,120.9,Toronto Raptors,6.1
2025-04-09,Los Angeles Lakers,118.4,Dallas Mavericks,120.6,Dallas Mavericks,2.1
2025-04-09,Philadelphia 76ers,119.3,Washington Wizards,101.0,Philadelphia 76ers,18.2
2025-04-09,Boston Celtics,106.8,Orlando Magic,96.3,Boston Celtics,10.4
2025-04-09,Miami Heat,130.9,Chicago Bulls,122.4,Miami Heat,8.5
2025-04-10,New York Knicks,114.1,Detroit Pistons,103.9,New York Knicks,10.2
2025-04-10,Cleveland Cavaliers,130.5,Indiana Pacers,113.4,Cleveland Cavaliers,17.1
2025-04-10,Atlanta Hawks,116.1,Brooklyn Nets,106.6,Atlanta Hawks,9.5
2025-04-10,Minnesota Timberwolves,116.0,Memphis Grizzlies,121.4,Memphis Grizzlies,5.3
2025-04-11,Houston Rockets,120.6,Los Angeles Lakers,97.9,Houston Rockets,22.7
2025-04-11,Los Angeles Clippers,119.5,Sacramento Kings,102.3,Los Angeles Clippers,17.2
2025-04-11,Golden State Warriors,114.0,Portland Trail Blazers,106.4,Golden State Warriors,7.6
2025-04-11,San Antonio Spurs,118.6,Phoenix Suns,119.9,Phoenix Suns,1.3
2025-04-11,Oklahoma City Thunder,111.7,Utah Jazz,97.2,Oklahoma City Thunder,14.6
2025-04-11,Brooklyn Nets,108.4,Minnesota Timberwolves,113.0,Minnesota Timberwolves,4.6
2025-04-11,Memphis Grizzlies,121.1,Denver Nuggets,111.4,Memphis Grizzlies,9.6
2025-04-11,Washington Wizards,123.1,Chicago Bulls,128.4,Chicago Bulls,5.2
2025-04-11,Miami Heat,114.3,New Orleans Pelicans,97.0,Miami Heat,17.3
2025-04-11,Cleveland Cavaliers,130.6,New York Knicks,136.3,New York Knicks,5.7
2025-04-11,Charlotte Hornets,107.6,Boston Celtics,117.3,Boston Celtics,9.7
2025-04-11,Atlanta Hawks,107.0,Philadelphia 76ers,102.8,Atlanta Hawks,4.2
2025-04-11,Orlando Magic,108.7,Indiana Pacers,93.3,Orlando Magic,15.4
2025-04-11,Milwaukee Bucks,115.1,Detroit Pistons,100.3,Milwaukee Bucks,14.7
2025-04-11,Toronto Raptors,125.7,Dallas Mavericks,118.7,Toronto Raptors,7.1
2025-04-13,Denver Nuggets,122.5,Houston Rockets,121.7,Denver Nuggets,0.8
2025-04-13,Los Angeles Lakers,103.7,Portland Trail Blazers,110.8,Portland Trail Blazers,7.1
2025-04-13,Oklahoma City Thunder,118.3,New Orleans Pelicans,88.6,Oklahoma City Thunder,29.8
2025-04-13,Utah Jazz,113.1,Minnesota Timberwolves,121.3,Minnesota Timberwolves,8.2
2025-04-13,Dallas Mavericks,119.1,Memphis Grizzlies,125.9,Memphis Grizzlies,6.9
2025-04-13,Los Angeles Clippers,115.5,Golden State Warriors,107.6,Los Angeles Clippers,7.9
2025-04-13,Phoenix Suns,128.0,Sacramento Kings,124.3,Phoenix Suns,3.7
2025-04-13,Detroit Pistons,113.1,Milwaukee Bucks,124.0,Milwaukee Bucks,10.9
2025-04-13,Washington Wizards,105.4,Miami Heat,115.6,Miami Heat,10.1
2025-04-13,Indiana Pacers,120.7,Cleveland Cavaliers,133.7,Cleveland Cavaliers,13.0
2025-04-13,New York Knicks,114.5,Brooklyn Nets,105.1,New York Knicks,9.4
2025-04-13,Charlotte Hornets,107.6,Boston Celtics,117.3,Boston Celtics,9.7
2025-04-13,Orlando Magic,108.3,Atlanta Hawks,96.6,Orlando Magic,11.7
2025-04-13,Chicago Bulls,115.3,Philadelphia 76ers,117.4,Philadelphia 76ers,2.0
2025-04-13,Toronto Raptors,122.0,San Antonio Spurs,112.2,Toronto Raptors,9.8
