Date,Away,PredictedAwayPoints,Home,PredictedHomePoints,PredictedWinner,PredictedSpread,Confidence,Away Money Line,Away Money Line Odds,Away Money Line Implied Probability,Home Money Line,Home Money Line Odds,Home Money Line Implied Probability,Away Spread,Away Spread Odds,Away Spread Implied Probability,Home Spread,Home Spread Odds,Home Spread Implied Probability,Away Over/Under,Away Over/Under Odds,Away Over/Under Implied Probability,Home Over/Under,Home Over/Under Odds,Home Over/Under Implied Probability,Book Winner,Value?
2024-12-22,Indiana Pacers,113.0,Sacramento Kings,106.7,Indiana Pacers,6.3,58.77,Pacers,114.0,46.73,Kings,-135.0,57.45,+2,-110.0,52.38,-2,-110.0,52.38,o236.5,-108.0,51.92,u236.5,-112.0,52.83,Sacramento Kings,Money Line
2024-12-22,Houston Rockets,117.9,Toronto Raptors,104.4,Houston Rockets,13.5,76.82,Rockets,-340.0,77.27,Raptors,270.0,27.03,-8,-112.0,52.83,+8,-108.0,51.92,o223.5,-108.0,51.92,u223.5,-112.0,52.83,Houston Rockets,No
2024-12-22,Denver Nuggets,125.6,New Orleans Pelicans,117.7,Denver Nuggets,7.9,61.95,Nuggets,-410.0,80.39,Pelicans,320.0,23.81,-9,-112.0,52.83,+9,-108.0,51.92,o232.5,-108.0,51.92,u232.5,-112.0,52.83,Denver Nuggets,No
2024-12-23,Detroit Pistons,115.2,Los Angeles Lakers,104.2,Detroit Pistons,10.9,69.55,,,,,,,,,,,,,,,,,,,,No
2024-12-23,Indiana Pacers,116.2,Golden State Warriors,117.7,Golden State Warriors,1.5,53.04,,,,,,,,,,,,,,,,,,,,No
2024-12-23,Phoenix Suns,116.1,Denver Nuggets,118.2,Denver Nuggets,2.1,53.5,,,,,,,,,,,,,,,,,,,,No
2024-12-23,Portland Trail Blazers,99.1,Dallas Mavericks,114.9,Dallas Mavericks,15.8,82.6,,,,,,,,,,,,,,,,,,,,No
2024-12-23,Los Angeles Clippers,117.0,Memphis Grizzlies,115.9,Los Angeles Clippers,1.0,52.71,,,,,,,,,,,,,,,,,,,,No
2024-12-23,Milwaukee Bucks,118.4,Chicago Bulls,107.7,Milwaukee Bucks,10.8,69.27,,,,,,,,,,,,,,,,,,,,No
2024-12-23,Washington Wizards,96.5,Oklahoma City Thunder,115.8,Oklahoma City Thunder,19.3,88.86,,,,,,,,,,,,,,,,,,,,No
2024-12-23,Brooklyn Nets,109.5,Miami Heat,111.8,Miami Heat,2.3,53.67,,,,,,,,,,,,,,,,,,,,No
2024-12-23,Minnesota Timberwolves,115.3,Atlanta Hawks,98.3,Minnesota Timberwolves,17.0,85.12,,,,,,,,,,,,,,,,,,,,No
2024-12-23,San Antonio Spurs,119.1,Philadelphia 76ers,102.9,San Antonio Spurs,16.2,83.48,,,,,,,,,,,,,,,,,,,,No
2024-12-23,Boston Celtics,114.5,Orlando Magic,109.6,Boston Celtics,4.9,56.55,,,,,,,,,,,,,,,,,,,,No
2024-12-23,Utah Jazz,108.2,Cleveland Cavaliers,131.6,Cleveland Cavaliers,23.4,92.6,,,,,,,,,,,,,,,,,,,,No
2024-12-23,Houston Rockets,126.2,Charlotte Hornets,104.1,Houston Rockets,22.1,91.74,,,,,,,,,,,,,,,,,,,,No
2024-12-23,Toronto Raptors,110.6,New York Knicks,113.8,New York Knicks,3.2,54.5,,,,,,,,,,,,,,,,,,,,No
2024-12-25,San Antonio Spurs,116.5,New York Knicks,115.6,San Antonio Spurs,0.9,52.64,Spurs,310.0,24.39,Knicks,-395.0,79.8,+9,-110.0,52.38,-9,-110.0,52.38,o226,-110.0,52.38,u226,-110.0,52.38,New York Knicks,Money Line
2024-12-25,Minnesota Timberwolves,105.1,Dallas Mavericks,99.3,Minnesota Timberwolves,5.8,57.92,Timberwolves,160.0,38.46,Mavericks,-192.0,65.75,+4.5,-108.0,51.92,-4.5,-112.0,52.83,o224.5,-110.0,52.38,u224.5,-120.0,54.55,Dallas Mavericks,Money Line
2024-12-25,Philadelphia 76ers,104.8,Boston Celtics,120.1,Boston Celtics,15.2,81.2,76ers,310.0,24.39,Celtics,-395.0,79.8,,,,,,,,,,,,,Boston Celtics,No
2024-12-25,Los Angeles Lakers,106.6,Golden State Warriors,116.2,Golden State Warriors,9.6,66.05,Lakers,154.0,39.37,Warriors,-185.0,64.91,+4.5,-110.0,52.38,-4.5,-110.0,52.38,o231,-110.0,52.38,u231,-110.0,52.38,Golden State Warriors,No
2024-12-25,Denver Nuggets,127.8,Phoenix Suns,123.8,Denver Nuggets,3.9,55.27,Nuggets,-115.0,53.49,Suns,-105.0,51.22,-1,-110.0,52.38,+1,-110.0,52.38,o234,-110.0,52.38,u234,-110.0,52.38,Denver Nuggets,No
2024-12-26,Houston Rockets,121.6,New Orleans Pelicans,107.3,Houston Rockets,14.3,78.95,,,,,,,,,,,,,,,,,,,,No
2024-12-26,Detroit Pistons,121.7,Sacramento Kings,113.6,Detroit Pistons,8.1,62.4,,,,,,,,,,,,,,,,,,,,No
2024-12-26,Utah Jazz,116.5,Portland Trail Blazers,106.5,Utah Jazz,10.1,67.37,,,,,,,,,,,,,,,,,,,,No
2024-12-26,Brooklyn Nets,109.4,Milwaukee Bucks,117.1,Milwaukee Bucks,7.6,61.31,,,,,,,,,,,,,,,,,,,,No
2024-12-26,Chicago Bulls,123.1,Atlanta Hawks,116.5,Chicago Bulls,6.6,59.32,,,,,,,,,,,,,,,,,,,,No
2024-12-26,Charlotte Hornets,116.0,Washington Wizards,117.3,Washington Wizards,1.3,52.9,,,,,,,,,,,,,,,,,,,,No
2024-12-26,Miami Heat,109.2,Orlando Magic,109.3,Orlando Magic,0.1,52.19,,,,,,,,,,,,,,,,,,,,No
2024-12-26,Oklahoma City Thunder,112.2,Indiana Pacers,94.0,Oklahoma City Thunder,18.2,87.24,,,,,,,,,,,,,,,,,,,,No
2024-12-26,Toronto Raptors,120.8,Memphis Grizzlies,124.6,Memphis Grizzlies,3.8,55.15,,,,,,,,,,,,,,,,,,,,No
2024-12-27,Golden State Warriors,106.6,Los Angeles Clippers,103.7,Golden State Warriors,2.9,54.21,,,,,,,,,,,,,,,,,,,,No
2024-12-27,Cleveland Cavaliers,123.1,Denver Nuggets,111.1,Cleveland Cavaliers,11.9,72.36,,,,,,,,,,,,,,,,,,,,No
2024-12-27,Memphis Grizzlies,118.7,New Orleans Pelicans,105.2,Memphis Grizzlies,13.4,76.55,,,,,,,,,,,,,,,,,,,,No
2024-12-27,Dallas Mavericks,121.1,Phoenix Suns,110.1,Dallas Mavericks,11.0,69.83,,,,,,,,,,,,,,,,,,,,No
2024-12-27,San Antonio Spurs,116.4,Brooklyn Nets,99.9,San Antonio Spurs,16.5,84.11,,,,,,,,,,,,,,,,,,,,No
2024-12-27,Indiana Pacers,109.1,Boston Celtics,122.4,Boston Celtics,13.2,76.0,,,,,,,,,,,,,,,,,,,,No
2024-12-27,New York Knicks,110.5,Orlando Magic,100.9,New York Knicks,9.6,66.05,,,,,,,,,,,,,,,,,,,,No
2024-12-27,Minnesota Timberwolves,103.5,Houston Rockets,99.1,Minnesota Timberwolves,4.4,55.88,,,,,,,,,,,,,,,,,,,,No
2024-12-28,Dallas Mavericks,113.9,Portland Trail Blazers,99.6,Dallas Mavericks,14.3,78.95,,,,,,,,,,,,,,,,,,,,No
2024-12-28,Miami Heat,122.7,Atlanta Hawks,112.6,Miami Heat,10.1,67.37,,,,,,,,,,,,,,,,,,,,No
2024-12-28,Oklahoma City Thunder,115.0,Charlotte Hornets,99.6,Oklahoma City Thunder,15.4,81.68,,,,,,,,,,,,,,,,,,,,No
2024-12-28,New York Knicks,122.1,Washington Wizards,105.6,New York Knicks,16.5,84.11,,,,,,,,,,,,,,,,,,,,No
2024-12-28,Milwaukee Bucks,118.4,Chicago Bulls,107.7,Milwaukee Bucks,10.8,69.27,,,,,,,,,,,,,,,,,,,,No
2024-12-28,Phoenix Suns,121.4,Golden State Warriors,114.0,Phoenix Suns,7.5,61.09,,,,,,,,,,,,,,,,,,,,No
2024-12-28,Detroit Pistons,116.7,Denver Nuggets,116.7,Denver Nuggets,0.0,52.13,,,,,,,,,,,,,,,,,,,,No
2024-12-28,Philadelphia 76ers,124.9,Utah Jazz,117.7,Philadelphia 76ers,7.2,60.48,,,,,,,,,,,,,,,,,,,,No
2024-12-28,Sacramento Kings,115.6,Los Angeles Lakers,106.0,Sacramento Kings,9.6,66.05,,,,,,,,,,,,,,,,,,,,No
2024-12-29,Memphis Grizzlies,112.1,Oklahoma City Thunder,113.0,Oklahoma City Thunder,0.9,52.64,,,,,,,,,,,,,,,,,,,,No
2024-12-29,San Antonio Spurs,109.9,Minnesota Timberwolves,99.9,San Antonio Spurs,10.0,67.1,,,,,,,,,,,,,,,,,,,,No
2024-12-29,Miami Heat,106.6,Houston Rockets,112.6,Houston Rockets,6.0,58.25,,,,,,,,,,,,,,,,,,,,No
2024-12-29,Atlanta Hawks,122.4,Toronto Raptors,121.8,Atlanta Hawks,0.5,52.4,,,,,,,,,,,,,,,,,,,,No
2024-12-29,Indiana Pacers,109.1,Boston Celtics,122.4,Boston Celtics,13.2,76.0,,,,,,,,,,,,,,,,,,,,No
2024-12-29,Brooklyn Nets,100.9,Orlando Magic,101.8,Orlando Magic,0.9,52.64,,,,,,,,,,,,,,,,,,,,No
2024-12-30,Chicago Bulls,120.1,Charlotte Hornets,115.1,Chicago Bulls,5.0,56.69,,,,,,,,,,,,,,,,,,,,No
2024-12-30,New York Knicks,122.1,Washington Wizards,105.6,New York Knicks,16.5,84.11,,,,,,,,,,,,,,,,,,,,No
2024-12-30,Los Angeles Clippers,110.0,New Orleans Pelicans,101.7,Los Angeles Clippers,8.4,63.09,,,,,,,,,,,,,,,,,,,,No
2024-12-30,Denver Nuggets,133.4,Utah Jazz,125.0,Denver Nuggets,8.5,63.32,,,,,,,,,,,,,,,,,,,,No
2024-12-30,Cleveland Cavaliers,120.4,Golden State Warriors,107.9,Cleveland Cavaliers,12.5,74.05,,,,,,,,,,,,,,,,,,,,No
2024-12-30,Philadelphia 76ers,110.5,Portland Trail Blazers,103.8,Philadelphia 76ers,6.7,59.5,,,,,,,,,,,,,,,,,,,,No
2024-12-30,Dallas Mavericks,110.4,Sacramento Kings,101.9,Dallas Mavericks,8.5,63.32,,,,,,,,,,,,,,,,,,,,No
2024-12-31,Memphis Grizzlies,127.1,Phoenix Suns,121.4,Memphis Grizzlies,5.7,57.76,,,,,,,,,,,,,,,,,,,,No
2024-12-31,Cleveland Cavaliers,118.8,Los Angeles Lakers,99.8,Cleveland Cavaliers,19.0,88.45,,,,,,,,,,,,,,,,,,,,No
2024-12-31,Minnesota Timberwolves,103.8,Oklahoma City Thunder,95.7,Minnesota Timberwolves,8.1,62.4,,,,,,,,,,,,,,,,,,,,No
2024-12-31,Milwaukee Bucks,114.0,Indiana Pacers,99.9,Milwaukee Bucks,14.1,78.43,,,,,,,,,,,,,,,,,,,,No
2024-12-31,Toronto Raptors,114.2,Boston Celtics,125.1,Boston Celtics,10.9,69.55,,,,,,,,,,,,,,,,,,,,No
2024-12-31,Los Angeles Clippers,118.4,San Antonio Spurs,108.0,Los Angeles Clippers,10.4,68.18,,,,,,,,,,,,,,,,,,,,No
2025-01-01,Orlando Magic,111.1,Detroit Pistons,98.3,Orlando Magic,12.8,74.89,,,,,,,,,,,,,,,,,,,,No
2025-01-01,Chicago Bulls,119.9,Washington Wizards,113.3,Chicago Bulls,6.7,59.5,,,,,,,,,,,,,,,,,,,,No
2025-01-01,New Orleans Pelicans,113.0,Miami Heat,121.7,Miami Heat,8.8,64.04,,,,,,,,,,,,,,,,,,,,No
2025-01-01,Utah Jazz,112.3,New York Knicks,125.7,New York Knicks,13.4,76.55,,,,,,,,,,,,,,,,,,,,No
2025-01-01,Brooklyn Nets,112.3,Toronto Raptors,113.7,Toronto Raptors,1.4,52.97,,,,,,,,,,,,,,,,,,,,No
2025-01-01,Dallas Mavericks,109.5,Houston Rockets,101.8,Dallas Mavericks,7.7,61.52,,,,,,,,,,,,,,,,,,,,No
2025-01-01,Atlanta Hawks,109.6,Denver Nuggets,121.7,Denver Nuggets,12.1,72.92,,,,,,,,,,,,,,,,,,,,No
2025-01-01,Philadelphia 76ers,109.0,Sacramento Kings,104.3,Philadelphia 76ers,4.7,56.27,,,,,,,,,,,,,,,,,,,,No
2025-01-02,Philadelphia 76ers,110.7,Golden State Warriors,113.9,Golden State Warriors,3.2,54.5,,,,,,,,,,,,,,,,,,,,No
2025-01-02,Portland Trail Blazers,104.8,Los Angeles Lakers,108.9,Los Angeles Lakers,4.1,55.5,,,,,,,,,,,,,,,,,,,,No
2025-01-02,Los Angeles Clippers,102.0,Oklahoma City Thunder,100.9,Los Angeles Clippers,1.1,52.77,,,,,,,,,,,,,,,,,,,,No
2025-01-02,Boston Celtics,113.4,Minnesota Timberwolves,103.0,Boston Celtics,10.4,68.18,,,,,,,,,,,,,,,,,,,,No
2025-01-02,Indiana Pacers,113.2,Miami Heat,106.1,Indiana Pacers,7.1,60.28,,,,,,,,,,,,,,,,,,,,No
2025-01-02,Brooklyn Nets,109.4,Milwaukee Bucks,117.1,Milwaukee Bucks,7.6,61.31,,,,,,,,,,,,,,,,,,,,No
2025-01-03,Memphis Grizzlies,118.9,Sacramento Kings,115.9,Memphis Grizzlies,3.0,54.3,,,,,,,,,,,,,,,,,,,,No
2025-01-03,Charlotte Hornets,111.8,Detroit Pistons,118.2,Detroit Pistons,6.4,58.95,,,,,,,,,,,,,,,,,,,,No
2025-01-03,Orlando Magic,114.0,Toronto Raptors,98.4,Orlando Magic,15.5,81.91,,,,,,,,,,,,,,,,,,,,No
2025-01-03,Boston Celtics,112.5,Houston Rockets,114.1,Houston Rockets,1.6,53.12,,,,,,,,,,,,,,,,,,,,No
2025-01-03,Washington Wizards,111.7,New Orleans Pelicans,114.5,New Orleans Pelicans,2.8,54.11,,,,,,,,,,,,,,,,,,,,No
2025-01-03,New York Knicks,110.3,Oklahoma City Thunder,107.4,New York Knicks,2.9,54.21,,,,,,,,,,,,,,,,,,,,No
2025-01-03,Cleveland Cavaliers,118.1,Dallas Mavericks,105.6,Cleveland Cavaliers,12.5,74.05,,,,,,,,,,,,,,,,,,,,No
2025-01-03,San Antonio Spurs,112.1,Denver Nuggets,116.0,Denver Nuggets,3.8,55.15,,,,,,,,,,,,,,,,,,,,No
2025-01-03,Atlanta Hawks,114.5,Los Angeles Lakers,101.5,Atlanta Hawks,12.9,75.17,,,,,,,,,,,,,,,,,,,,No
2025-01-04,Denver Nuggets,130.9,San Antonio Spurs,121.9,Denver Nuggets,9.0,64.53,,,,,,,,,,,,,,,,,,,,No
2025-01-04,Portland Trail Blazers,101.5,Milwaukee Bucks,113.2,Milwaukee Bucks,11.7,71.79,,,,,,,,,,,,,,,,,,,,No
2025-01-04,Utah Jazz,123.5,Miami Heat,119.2,Utah Jazz,4.3,55.75,,,,,,,,,,,,,,,,,,,,No
2025-01-04,Philadelphia 76ers,107.3,Brooklyn Nets,97.8,Philadelphia 76ers,9.4,65.53,,,,,,,,,,,,,,,,,,,,No
2025-01-04,Phoenix Suns,116.2,Indiana Pacers,99.6,Phoenix Suns,16.6,84.32,,,,,,,,,,,,,,,,,,,,No
2025-01-04,Minnesota Timberwolves,113.0,Detroit Pistons,105.1,Minnesota Timberwolves,7.9,61.95,,,,,,,,,,,,,,,,,,,,No
2025-01-04,Memphis Grizzlies,121.7,Golden State Warriors,114.6,Memphis Grizzlies,7.1,60.28,,,,,,,,,,,,,,,,,,,,No
2025-01-04,New York Knicks,122.7,Chicago Bulls,113.1,New York Knicks,9.6,66.05,,,,,,,,,,,,,,,,,,,,No
2025-01-04,Atlanta Hawks,108.9,Los Angeles Clippers,105.8,Atlanta Hawks,3.2,54.5,,,,,,,,,,,,,,,,,,,,No
2025-01-05,Los Angeles Lakers,101.2,Houston Rockets,116.0,Houston Rockets,14.8,80.22,,,,,,,,,,,,,,,,,,,,No
2025-01-05,Sacramento Kings,120.7,Golden State Warriors,113.7,Sacramento Kings,7.0,60.08,,,,,,,,,,,,,,,,,,,,No
2025-01-05,Utah Jazz,113.1,Orlando Magic,127.8,Orlando Magic,14.6,79.72,,,,,,,,,,,,,,,,,,,,No
2025-01-05,Boston Celtics,110.8,Oklahoma City Thunder,106.0,Boston Celtics,4.8,56.41,,,,,,,,,,,,,,,,,,,,No
2025-01-05,Charlotte Hornets,102.3,Cleveland Cavaliers,122.6,Cleveland Cavaliers,20.3,90.07,,,,,,,,,,,,,,,,,,,,No
2025-01-05,New Orleans Pelicans,117.7,Washington Wizards,112.3,New Orleans Pelicans,5.4,57.28,,,,,,,,,,,,,,,,,,,,No
2025-01-06,Los Angeles Clippers,100.9,Minnesota Timberwolves,96.5,Los Angeles Clippers,4.5,56.01,,,,,,,,,,,,,,,,,,,,No
2025-01-06,Dallas Mavericks,120.5,Memphis Grizzlies,110.0,Dallas Mavericks,10.5,68.45,,,,,,,,,,,,,,,,,,,,No
2025-01-06,San Antonio Spurs,128.5,Chicago Bulls,116.8,San Antonio Spurs,11.7,71.79,,,,,,,,,,,,,,,,,,,,No
2025-01-06,Milwaukee Bucks,115.7,Toronto Raptors,102.0,Milwaukee Bucks,13.7,77.36,,,,,,,,,,,,,,,,,,,,No
2025-01-06,Miami Heat,111.5,Sacramento Kings,106.3,Miami Heat,5.2,56.98,,,,,,,,,,,,,,,,,,,,No
2025-01-06,Indiana Pacers,105.4,Brooklyn Nets,97.0,Indiana Pacers,8.4,63.09,,,,,,,,,,,,,,,,,,,,No
2025-01-06,Phoenix Suns,117.8,Philadelphia 76ers,100.7,Phoenix Suns,17.2,85.5,,,,,,,,,,,,,,,,,,,,No
2025-01-06,Portland Trail Blazers,106.4,Detroit Pistons,114.0,Detroit Pistons,7.6,61.31,,,,,,,,,,,,,,,,,,,,No
2025-01-06,Orlando Magic,109.6,New York Knicks,102.4,Orlando Magic,7.2,60.48,,,,,,,,,,,,,,,,,,,,No
2025-01-07,Phoenix Suns,121.0,Charlotte Hornets,107.6,Phoenix Suns,13.4,76.55,,,,,,,,,,,,,,,,,,,,No
2025-01-07,Houston Rockets,123.9,Washington Wizards,100.0,Houston Rockets,23.9,92.87,,,,,,,,,,,,,,,,,,,,No
2025-01-07,Los Angeles Lakers,101.7,Dallas Mavericks,112.9,Dallas Mavericks,11.2,70.39,,,,,,,,,,,,,,,,,,,,No
2025-01-07,Minnesota Timberwolves,110.0,New Orleans Pelicans,100.3,Minnesota Timberwolves,9.8,66.57,,,,,,,,,,,,,,,,,,,,No
2025-01-07,Atlanta Hawks,132.7,Utah Jazz,124.2,Atlanta Hawks,8.5,63.32,,,,,,,,,,,,,,,,,,,,No
2025-01-07,Boston Celtics,114.8,Denver Nuggets,115.4,Denver Nuggets,0.7,52.52,,,,,,,,,,,,,,,,,,,,No
2025-01-07,Miami Heat,115.9,Golden State Warriors,116.0,Golden State Warriors,0.0,52.13,,,,,,,,,,,,,,,,,,,,No
2025-01-08,Portland Trail Blazers,111.2,New Orleans Pelicans,111.7,New Orleans Pelicans,0.6,52.46,,,,,,,,,,,,,,,,,,,,No
2025-01-08,Los Angeles Clippers,108.1,Denver Nuggets,106.1,Los Angeles Clippers,2.0,53.42,,,,,,,,,,,,,,,,,,,,No
2025-01-08,Detroit Pistons,117.0,Brooklyn Nets,104.8,Detroit Pistons,12.2,73.21,,,,,,,,,,,,,,,,,,,,No
2025-01-08,San Antonio Spurs,112.5,Milwaukee Bucks,115.4,Milwaukee Bucks,2.9,54.21,,,,,,,,,,,,,,,,,,,,No
2025-01-08,Toronto Raptors,110.6,New York Knicks,113.8,New York Knicks,3.2,54.5,,,,,,,,,,,,,,,,,,,,No
2025-01-08,Chicago Bulls,114.7,Indiana Pacers,109.2,Chicago Bulls,5.5,57.44,,,,,,,,,,,,,,,,,,,,No
2025-01-08,Oklahoma City Thunder,111.5,Cleveland Cavaliers,116.3,Cleveland Cavaliers,4.8,56.41,,,,,,,,,,,,,,,,,,,,No
2025-01-08,Washington Wizards,105.5,Philadelphia 76ers,108.7,Philadelphia 76ers,3.2,54.5,,,,,,,,,,,,,,,,,,,,No
2025-01-09,Toronto Raptors,107.2,Cleveland Cavaliers,124.8,Cleveland Cavaliers,17.5,86.05,,,,,,,,,,,,,,,,,,,,No
2025-01-09,Golden State Warriors,112.0,Detroit Pistons,112.8,Detroit Pistons,0.9,52.64,,,,,,,,,,,,,,,,,,,,No
2025-01-09,Minnesota Timberwolves,103.4,Orlando Magic,95.7,Minnesota Timberwolves,7.7,61.52,,,,,,,,,,,,,,,,,,,,No
2025-01-09,Houston Rockets,118.9,Memphis Grizzlies,114.6,Houston Rockets,4.3,55.75,,,,,,,,,,,,,,,,,,,,No
2025-01-09,Portland Trail Blazers,99.1,Dallas Mavericks,114.9,Dallas Mavericks,15.8,82.6,,,,,,,,,,,,,,,,,,,,No
2025-01-09,Atlanta Hawks,123.9,Phoenix Suns,120.8,Atlanta Hawks,3.0,54.3,,,,,,,,,,,,,,,,,,,,No
2025-01-09,Miami Heat,126.9,Utah Jazz,120.2,Miami Heat,6.8,59.69,,,,,,,,,,,,,,,,,,,,No
2025-01-09,Charlotte Hornets,105.7,Los Angeles Lakers,114.1,Los Angeles Lakers,8.4,63.09,,,,,,,,,,,,,,,,,,,,No
2025-01-10,Brooklyn Nets,111.6,Denver Nuggets,114.1,Denver Nuggets,2.5,53.84,,,,,,,,,,,,,,,,,,,,No
2025-01-10,Washington Wizards,112.5,Chicago Bulls,118.3,Chicago Bulls,5.8,57.92,,,,,,,,,,,,,,,,,,,,No
2025-01-10,Oklahoma City Thunder,111.3,New York Knicks,103.3,Oklahoma City Thunder,8.0,62.18,,,,,,,,,,,,,,,,,,,,No
2025-01-10,New Orleans Pelicans,107.2,Philadelphia 76ers,110.9,Philadelphia 76ers,3.7,55.04,,,,,,,,,,,,,,,,,,,,No
2025-01-10,Milwaukee Bucks,105.1,Orlando Magic,93.3,Milwaukee Bucks,11.7,71.79,,,,,,,,,,,,,,,,,,,,No
2025-01-10,Golden State Warriors,109.3,Indiana Pacers,101.0,Golden State Warriors,8.4,63.09,,,,,,,,,,,,,,,,,,,,No
2025-01-10,Sacramento Kings,116.1,Boston Celtics,120.9,Boston Celtics,4.8,56.41,,,,,,,,,,,,,,,,,,,,No
2025-01-11,Houston Rockets,122.0,Atlanta Hawks,104.7,Houston Rockets,17.4,85.87,,,,,,,,,,,,,,,,,,,,No
2025-01-11,Utah Jazz,123.4,Phoenix Suns,126.4,Phoenix Suns,3.0,54.3,,,,,,,,,,,,,,,,,,,,No
2025-01-11,Toronto Raptors,113.9,Detroit Pistons,111.2,Toronto Raptors,2.7,54.02,,,,,,,,,,,,,,,,,,,,No
2025-01-11,Memphis Grizzlies,121.5,Minnesota Timberwolves,110.9,Memphis Grizzlies,10.5,68.45,,,,,,,,,,,,,,,,,,,,No
2025-01-11,Miami Heat,112.0,Portland Trail Blazers,104.7,Miami Heat,7.3,60.68,,,,,,,,,,,,,,,,,,,,No
2025-01-11,Charlotte Hornets,105.5,Los Angeles Clippers,117.5,Los Angeles Clippers,12.1,72.92,,,,,,,,,,,,,,,,,,,,No
2025-01-11,San Antonio Spurs,114.5,Los Angeles Lakers,100.5,San Antonio Spurs,14.1,78.43,,,,,,,,,,,,,,,,,,,,No
2025-01-12,Oklahoma City Thunder,118.9,Washington Wizards,95.8,Oklahoma City Thunder,23.1,92.42,,,,,,,,,,,,,,,,,,,,No
2025-01-12,Charlotte Hornets,107.6,Phoenix Suns,119.5,Phoenix Suns,11.9,72.36,,,,,,,,,,,,,,,,,,,,No
2025-01-12,Brooklyn Nets,122.2,Utah Jazz,123.5,Utah Jazz,1.2,52.84,,,,,,,,,,,,,,,,,,,,No
2025-01-12,Philadelphia 76ers,100.3,Orlando Magic,104.8,Orlando Magic,4.5,56.01,,,,,,,,,,,,,,,,,,,,No
2025-01-12,Denver Nuggets,125.3,Dallas Mavericks,121.8,Denver Nuggets,3.5,54.82,,,,,,,,,,,,,,,,,,,,No
2025-01-12,New Orleans Pelicans,109.8,Boston Celtics,127.2,Boston Celtics,17.5,86.05,,,,,,,,,,,,,,,,,,,,No
2025-01-12,Milwaukee Bucks,110.2,New York Knicks,102.7,Milwaukee Bucks,7.5,61.09,,,,,,,,,,,,,,,,,,,,No
2025-01-12,Indiana Pacers,108.0,Cleveland Cavaliers,125.8,Cleveland Cavaliers,17.8,86.58,,,,,,,,,,,,,,,,,,,,No
2025-01-12,Sacramento Kings,123.1,Chicago Bulls,114.9,Sacramento Kings,8.1,62.4,,,,,,,,,,,,,,,,,,,,No
2025-01-13,Minnesota Timberwolves,117.3,Washington Wizards,99.5,Minnesota Timberwolves,17.8,86.58,,,,,,,,,,,,,,,,,,,,No
2025-01-13,Detroit Pistons,116.8,New York Knicks,116.5,Detroit Pistons,0.2,52.24,,,,,,,,,,,,,,,,,,,,No
2025-01-13,Golden State Warriors,107.2,Toronto Raptors,106.4,Golden State Warriors,0.8,52.58,,,,,,,,,,,,,,,,,,,,No
2025-01-13,Memphis Grizzlies,114.7,Houston Rockets,114.3,Memphis Grizzlies,0.4,52.35,,,,,,,,,,,,,,,,,,,,No
2025-01-13,Miami Heat,108.0,Los Angeles Clippers,101.5,Miami Heat,6.5,59.13,,,,,,,,,,,,,,,,,,,,No
2025-01-13,San Antonio Spurs,114.5,Los Angeles Lakers,100.5,San Antonio Spurs,14.1,78.43,,,,,,,,,,,,,,,,,,,,No
2025-01-14,Phoenix Suns,128.5,Atlanta Hawks,113.5,Phoenix Suns,15.0,80.72,,,,,,,,,,,,,,,,,,,,No
2025-01-14,Brooklyn Nets,109.1,Portland Trail Blazers,107.0,Brooklyn Nets,2.1,53.5,,,,,,,,,,,,,,,,,,,,No
2025-01-14,Denver Nuggets,125.3,Dallas Mavericks,121.8,Denver Nuggets,3.5,54.82,,,,,,,,,,,,,,,,,,,,No
2025-01-14,Sacramento Kings,117.9,Milwaukee Bucks,118.8,Milwaukee Bucks,0.9,52.64,,,,,,,,,,,,,,,,,,,,No
2025-01-14,Cleveland Cavaliers,123.4,Indiana Pacers,104.2,Cleveland Cavaliers,19.2,88.73,,,,,,,,,,,,,,,,,,,,No
2025-01-14,Oklahoma City Thunder,110.2,Philadelphia 76ers,97.0,Oklahoma City Thunder,13.3,76.28,,,,,,,,,,,,,,,,,,,,No
2025-01-14,New Orleans Pelicans,114.8,Chicago Bulls,126.4,Chicago Bulls,11.6,71.51,,,,,,,,,,,,,,,,,,,,No
2025-01-15,Memphis Grizzlies,128.2,San Antonio Spurs,119.9,Memphis Grizzlies,8.3,62.86,,,,,,,,,,,,,,,,,,,,No
2025-01-15,Miami Heat,110.7,Los Angeles Lakers,101.8,Miami Heat,8.9,64.28,,,,,,,,,,,,,,,,,,,,No
2025-01-15,Charlotte Hornets,117.8,Utah Jazz,123.8,Utah Jazz,6.0,58.25,,,,,,,,,,,,,,,,,,,,No
2025-01-15,Houston Rockets,105.4,Denver Nuggets,105.4,Denver Nuggets,0.1,52.19,,,,,,,,,,,,,,,,,,,,No
2025-01-15,Brooklyn Nets,105.2,Los Angeles Clippers,104.3,Brooklyn Nets,0.9,52.64,,,,,,,,,,,,,,,,,,,,No
2025-01-15,Golden State Warriors,107.8,Minnesota Timberwolves,104.8,Golden State Warriors,3.1,54.4,,,,,,,,,,,,,,,,,,,,No
2025-01-15,Orlando Magic,110.1,Milwaukee Bucks,103.0,Orlando Magic,7.2,60.48,,,,,,,,,,,,,,,,,,,,No
2025-01-15,Atlanta Hawks,129.5,Chicago Bulls,119.9,Atlanta Hawks,9.6,66.05,,,,,,,,,,,,,,,,,,,,No
2025-01-15,Boston Celtics,118.0,Toronto Raptors,110.7,Boston Celtics,7.3,60.68,,,,,,,,,,,,,,,,,,,,No
2025-01-15,New York Knicks,114.4,Philadelphia 76ers,100.5,New York Knicks,13.9,77.9,,,,,,,,,,,,,,,,,,,,No
2025-01-15,Dallas Mavericks,111.5,New Orleans Pelicans,99.7,Dallas Mavericks,11.8,72.08,,,,,,,,,,,,,,,,,,,,No
2025-01-16,Indiana Pacers,113.4,Detroit Pistons,111.7,Indiana Pacers,1.7,53.19,,,,,,,,,,,,,,,,,,,,No
2025-01-16,Phoenix Suns,122.0,Washington Wizards,103.4,Phoenix Suns,18.5,87.72,,,,,,,,,,,,,,,,,,,,No
2025-01-16,Cleveland Cavaliers,113.8,Oklahoma City Thunder,104.3,Cleveland Cavaliers,9.6,66.05,,,,,,,,,,,,,,,,,,,,No
2025-01-16,Los Angeles Clippers,110.6,Portland Trail Blazers,102.7,Los Angeles Clippers,7.9,61.95,,,,,,,,,,,,,,,,,,,,No
2025-01-16,Houston Rockets,111.2,Sacramento Kings,107.6,Houston Rockets,3.6,54.93,,,,,,,,,,,,,,,,,,,,No
2025-01-17,Brooklyn Nets,108.0,Los Angeles Lakers,106.4,Brooklyn Nets,1.6,53.12,,,,,,,,,,,,,,,,,,,,No
2025-01-17,Charlotte Hornets,102.9,Chicago Bulls,115.9,Chicago Bulls,13.0,75.45,,,,,,,,,,,,,,,,,,,,No
2025-01-17,Oklahoma City Thunder,109.2,Dallas Mavericks,100.4,Oklahoma City Thunder,8.9,64.28,,,,,,,,,,,,,,,,,,,,No
2025-01-17,Memphis Grizzlies,128.2,San Antonio Spurs,119.9,Memphis Grizzlies,8.3,62.86,,,,,,,,,,,,,,,,,,,,No
2025-01-17,Orlando Magic,114.9,Boston Celtics,112.5,Orlando Magic,2.4,53.75,,,,,,,,,,,,,,,,,,,,No
2025-01-17,Toronto Raptors,109.3,Milwaukee Bucks,116.2,Milwaukee Bucks,6.9,59.88,,,,,,,,,,,,,,,,,,,,No
2025-01-17,Denver Nuggets,128.4,Miami Heat,118.9,Denver Nuggets,9.6,66.05,,,,,,,,,,,,,,,,,,,,No
2025-01-17,Minnesota Timberwolves,108.7,New York Knicks,101.1,Minnesota Timberwolves,7.6,61.31,,,,,,,,,,,,,,,,,,,,No
2025-01-17,Utah Jazz,116.3,New Orleans Pelicans,106.6,Utah Jazz,9.8,66.57,,,,,,,,,,,,,,,,,,,,No
2025-01-18,Houston Rockets,118.0,Portland Trail Blazers,101.6,Houston Rockets,16.4,83.91,,,,,,,,,,,,,,,,,,,,No
2025-01-18,Cleveland Cavaliers,119.6,Minnesota Timberwolves,107.2,Cleveland Cavaliers,12.5,74.05,,,,,,,,,,,,,,,,,,,,No
2025-01-18,Washington Wizards,110.3,Golden State Warriors,120.4,Golden State Warriors,10.1,67.37,,,,,,,,,,,,,,,,,,,,No
2025-01-18,Philadelphia 76ers,106.8,Indiana Pacers,97.9,Philadelphia 76ers,8.9,64.28,,,,,,,,,,,,,,,,,,,,No
2025-01-18,Atlanta Hawks,112.4,Boston Celtics,124.5,Boston Celtics,12.1,72.92,,,,,,,,,,,,,,,,,,,,No
2025-01-18,Phoenix Suns,116.5,Detroit Pistons,110.4,Phoenix Suns,6.1,58.42,,,,,,,,,,,,,,,,,,,,No
2025-01-19,San Antonio Spurs,118.6,Miami Heat,108.5,San Antonio Spurs,10.1,67.37,,,,,,,,,,,,,,,,,,,,No
2025-01-19,Denver Nuggets,122.2,Orlando Magic,114.3,Denver Nuggets,7.8,61.74,,,,,,,,,,,,,,,,,,,,No
2025-01-19,Philadelphia 76ers,105.4,Milwaukee Bucks,113.6,Milwaukee Bucks,8.2,62.63,,,,,,,,,,,,,,,,,,,,No
2025-01-19,Brooklyn Nets,105.4,Oklahoma City Thunder,107.9,Oklahoma City Thunder,2.5,53.84,,,,,,,,,,,,,,,,,,,,No
2025-01-19,Los Angeles Lakers,100.7,Los Angeles Clippers,101.3,Los Angeles Clippers,0.6,52.46,,,,,,,,,,,,,,,,,,,,No
2025-01-19,Chicago Bulls,113.1,Portland Trail Blazers,109.5,Chicago Bulls,3.5,54.82,,,,,,,,,,,,,,,,,,,,No
2025-01-19,Washington Wizards,108.3,Sacramento Kings,117.2,Sacramento Kings,8.8,64.04,,,,,,,,,,,,,,,,,,,,No
2025-01-20,Utah Jazz,116.3,New Orleans Pelicans,106.6,Utah Jazz,9.8,66.57,,,,,,,,,,,,,,,,,,,,No
2025-01-20,Boston Celtics,117.3,Golden State Warriors,107.9,Boston Celtics,9.3,65.28,,,,,,,,,,,,,,,,,,,,No
2025-01-20,Phoenix Suns,112.5,Cleveland Cavaliers,124.9,Cleveland Cavaliers,12.4,73.77,,,,,,,,,,,,,,,,,,,,No
2025-01-20,Atlanta Hawks,112.6,New York Knicks,116.4,New York Knicks,3.9,55.27,,,,,,,,,,,,,,,,,,,,No
2025-01-20,Minnesota Timberwolves,111.4,Memphis Grizzlies,103.6,Minnesota Timberwolves,7.8,61.74,,,,,,,,,,,,,,,,,,,,No
2025-01-20,Detroit Pistons,108.5,Houston Rockets,114.9,Houston Rockets,6.4,58.95,,,,,,,,,,,,,,,,,,,,No
2025-01-20,Dallas Mavericks,120.5,Charlotte Hornets,101.1,Dallas Mavericks,19.4,88.99,,,,,,,,,,,,,,,,,,,,No
2025-01-21,New York Knicks,116.7,Brooklyn Nets,100.1,New York Knicks,16.6,84.32,,,,,,,,,,,,,,,,,,,,No
2025-01-21,Portland Trail Blazers,105.3,Miami Heat,115.6,Miami Heat,10.2,67.64,,,,,,,,,,,,,,,,,,,,No
2025-01-21,Orlando Magic,114.0,Toronto Raptors,98.4,Orlando Magic,15.5,81.91,,,,,,,,,,,,,,,,,,,,No
2025-01-21,Philadelphia 76ers,108.1,Denver Nuggets,109.2,Denver Nuggets,1.1,52.77,,,,,,,,,,,,,,,,,,,,No
2025-01-21,Chicago Bulls,110.3,Los Angeles Clippers,111.0,Los Angeles Clippers,0.8,52.58,,,,,,,,,,,,,,,,,,,,No
2025-01-21,Washington Wizards,110.7,Los Angeles Lakers,112.8,Los Angeles Lakers,2.1,53.5,,,,,,,,,,,,,,,,,,,,No
2025-01-22,Boston Celtics,111.7,Los Angeles Clippers,103.1,Boston Celtics,8.6,63.56,,,,,,,,,,,,,,,,,,,,No
2025-01-22,Golden State Warriors,104.0,Sacramento Kings,104.7,Sacramento Kings,0.7,52.52,,,,,,,,,,,,,,,,,,,,No
2025-01-22,Utah Jazz,108.7,Oklahoma City Thunder,127.1,Oklahoma City Thunder,18.3,87.4,,,,,,,,,,,,,,,,,,,,No
2025-01-22,Milwaukee Bucks,113.8,New Orleans Pelicans,100.0,Milwaukee Bucks,13.8,77.63,,,,,,,,,,,,,,,,,,,,No
2025-01-22,Minnesota Timberwolves,105.1,Dallas Mavericks,99.3,Minnesota Timberwolves,5.8,57.92,,,,,,,,,,,,,,,,,,,,No
2025-01-22,Cleveland Cavaliers,114.8,Houston Rockets,104.3,Cleveland Cavaliers,10.5,68.45,,,,,,,,,,,,,,,,,,,,No
2025-01-22,Phoenix Suns,114.3,Brooklyn Nets,98.6,Phoenix Suns,15.7,82.37,,,,,,,,,,,,,,,,,,,,No
2025-01-22,Detroit Pistons,124.0,Atlanta Hawks,118.4,Detroit Pistons,5.6,57.6,,,,,,,,,,,,,,,,,,,,No
2025-01-22,Charlotte Hornets,110.7,Memphis Grizzlies,127.0,Memphis Grizzlies,16.3,83.69,,,,,,,,,,,,,,,,,,,,No
2025-01-23,Boston Celtics,112.4,Los Angeles Lakers,99.8,Boston Celtics,12.6,74.33,,,,,,,,,,,,,,,,,,,,No
2025-01-23,Washington Wizards,121.8,Utah Jazz,126.5,Utah Jazz,4.7,56.27,,,,,,,,,,,,,,,,,,,,No
2025-01-23,Sacramento Kings,116.9,Denver Nuggets,117.3,Denver Nuggets,0.4,52.35,,,,,,,,,,,,,,,,,,,,No
2025-01-23,Dallas Mavericks,107.8,Oklahoma City Thunder,100.3,Dallas Mavericks,7.5,61.09,,,,,,,,,,,,,,,,,,,,No
2025-01-23,Chicago Bulls,115.9,Golden State Warriors,114.8,Chicago Bulls,1.1,52.77,,,,,,,,,,,,,,,,,,,,No
2025-01-23,Toronto Raptors,127.9,Atlanta Hawks,120.7,Toronto Raptors,7.3,60.68,,,,,,,,,,,,,,,,,,,,No
2025-01-23,Portland Trail Blazers,95.8,Orlando Magic,110.7,Orlando Magic,14.9,80.47,,,,,,,,,,,,,,,,,,,,No
2025-01-23,San Antonio Spurs,114.3,Indiana Pacers,99.1,San Antonio Spurs,15.2,81.2,,,,,,,,,,,,,,,,,,,,No
2025-01-23,Miami Heat,105.5,Milwaukee Bucks,109.6,Milwaukee Bucks,4.1,55.5,,,,,,,,,,,,,,,,,,,,No
2025-01-24,Portland Trail Blazers,113.4,Charlotte Hornets,118.4,Charlotte Hornets,5.0,56.69,,,,,,,,,,,,,,,,,,,,No
2025-01-24,Cleveland Cavaliers,117.4,Philadelphia 76ers,97.8,Cleveland Cavaliers,19.7,89.37,,,,,,,,,,,,,,,,,,,,No
2025-01-24,New Orleans Pelicans,114.1,Memphis Grizzlies,124.7,Memphis Grizzlies,10.5,68.45,,,,,,,,,,,,,,,,,,,,No
2025-01-25,Sacramento Kings,114.4,New York Knicks,112.0,Sacramento Kings,2.4,53.75,,,,,,,,,,,,,,,,,,,,No
2025-01-25,Milwaukee Bucks,108.6,Los Angeles Clippers,98.4,Milwaukee Bucks,10.2,67.64,,,,,,,,,,,,,,,,,,,,No
2025-01-25,Washington Wizards,114.2,Phoenix Suns,122.5,Phoenix Suns,8.3,62.86,,,,,,,,,,,,,,,,,,,,No
2025-01-25,Los Angeles Lakers,106.6,Golden State Warriors,116.2,Golden State Warriors,9.6,66.05,,,,,,,,,,,,,,,,,,,,No
2025-01-25,Utah Jazz,119.8,Memphis Grizzlies,130.3,Memphis Grizzlies,10.4,68.18,,,,,,,,,,,,,,,,,,,,No
2025-01-25,Philadelphia 76ers,111.9,Chicago Bulls,101.7,Philadelphia 76ers,10.2,67.64,,,,,,,,,,,,,,,,,,,,No
2025-01-25,Houston Rockets,109.7,Cleveland Cavaliers,118.3,Cleveland Cavaliers,8.6,63.56,,,,,,,,,,,,,,,,,,,,No
2025-01-25,Toronto Raptors,127.9,Atlanta Hawks,120.7,Toronto Raptors,7.3,60.68,,,,,,,,,,,,,,,,,,,,No
2025-01-25,Detroit Pistons,107.4,Orlando Magic,103.7,Detroit Pistons,3.8,55.15,,,,,,,,,,,,,,,,,,,,No
2025-01-25,New Orleans Pelicans,116.3,Charlotte Hornets,118.9,Charlotte Hornets,2.6,53.93,,,,,,,,,,,,,,,,,,,,No
2025-01-25,Miami Heat,110.4,Brooklyn Nets,98.7,Miami Heat,11.7,71.79,,,,,,,,,,,,,,,,,,,,No
2025-01-25,Boston Celtics,113.0,Dallas Mavericks,112.5,Boston Celtics,0.4,52.35,,,,,,,,,,,,,,,,,,,,No
2025-01-25,Denver Nuggets,128.4,Minnesota Timberwolves,121.1,Denver Nuggets,7.3,60.68,,,,,,,,,,,,,,,,,,,,No
2025-01-25,Indiana Pacers,122.0,San Antonio Spurs,114.8,Indiana Pacers,7.2,60.48,,,,,,,,,,,,,,,,,,,,No
2025-01-26,Oklahoma City Thunder,110.7,Portland Trail Blazers,98.4,Oklahoma City Thunder,12.2,73.21,,,,,,,,,,,,,,,,,,,,No
2025-01-27,Los Angeles Clippers,120.8,Phoenix Suns,114.5,Los Angeles Clippers,6.3,58.77,,,,,,,,,,,,,,,,,,,,No
2025-01-27,Milwaukee Bucks,124.6,Utah Jazz,111.1,Milwaukee Bucks,13.5,76.82,,,,,,,,,,,,,,,,,,,,No
2025-01-27,Washington Wizards,103.7,Dallas Mavericks,120.1,Dallas Mavericks,16.4,83.91,,,,,,,,,,,,,,,,,,,,No
2025-01-27,Atlanta Hawks,106.6,Minnesota Timberwolves,104.7,Atlanta Hawks,1.9,53.34,,,,,,,,,,,,,,,,,,,,No
2025-01-27,Denver Nuggets,130.8,Chicago Bulls,122.9,Denver Nuggets,7.9,61.95,,,,,,,,,,,,,,,,,,,,No
2025-01-27,New Orleans Pelicans,115.1,Toronto Raptors,123.5,Toronto Raptors,8.4,63.09,,,,,,,,,,,,,,,,,,,,No
2025-01-27,Orlando Magic,112.4,Miami Heat,97.3,Orlando Magic,15.1,80.96,,,,,,,,,,,,,,,,,,,,No
2025-01-27,Sacramento Kings,116.0,Brooklyn Nets,102.1,Sacramento Kings,13.9,77.9,,,,,,,,,,,,,,,,,,,,No
2025-01-27,Houston Rockets,114.2,Boston Celtics,116.0,Boston Celtics,1.8,53.26,,,,,,,,,,,,,,,,,,,,No
2025-01-27,Detroit Pistons,113.1,Cleveland Cavaliers,127.3,Cleveland Cavaliers,14.2,78.69,,,,,,,,,,,,,,,,,,,,No
2025-01-27,Los Angeles Lakers,117.2,Charlotte Hornets,111.2,Los Angeles Lakers,6.1,58.42,,,,,,,,,,,,,,,,,,,,No
2025-01-27,Memphis Grizzlies,119.6,New York Knicks,119.4,Memphis Grizzlies,0.2,52.24,,,,,,,,,,,,,,,,,,,,No
2025-01-28,Los Angeles Lakers,105.7,Philadelphia 76ers,104.4,Los Angeles Lakers,1.3,52.9,,,,,,,,,,,,,,,,,,,,No
2025-01-28,Utah Jazz,121.9,Golden State Warriors,123.8,Golden State Warriors,1.9,53.34,,,,,,,,,,,,,,,,,,,,No
2025-01-28,Milwaukee Bucks,113.3,Portland Trail Blazers,98.6,Milwaukee Bucks,14.7,79.97,,,,,,,,,,,,,,,,,,,,No
2025-01-29,Dallas Mavericks,111.5,New Orleans Pelicans,99.7,Dallas Mavericks,11.8,72.08,,,,,,,,,,,,,,,,,,,,No
2025-01-29,Oklahoma City Thunder,109.1,Golden State Warriors,99.8,Oklahoma City Thunder,9.3,65.28,,,,,,,,,,,,,,,,,,,,No
2025-01-29,Minnesota Timberwolves,116.2,Phoenix Suns,106.1,Minnesota Timberwolves,10.1,67.37,,,,,,,,,,,,,,,,,,,,No
2025-01-29,Los Angeles Clippers,118.4,San Antonio Spurs,108.0,Los Angeles Clippers,10.4,68.18,,,,,,,,,,,,,,,,,,,,No
2025-01-29,Sacramento Kings,115.6,Philadelphia 76ers,102.8,Sacramento Kings,12.8,74.89,,,,,,,,,,,,,,,,,,,,No
2025-01-29,Toronto Raptors,124.3,Washington Wizards,106.1,Toronto Raptors,18.2,87.24,,,,,,,,,,,,,,,,,,,,No
2025-01-29,Cleveland Cavaliers,117.4,Miami Heat,104.4,Cleveland Cavaliers,12.9,75.17,,,,,,,,,,,,,,,,,,,,No
2025-01-29,Chicago Bulls,109.8,Boston Celtics,120.3,Boston Celtics,10.5,68.45,,,,,,,,,,,,,,,,,,,,No
2025-01-29,Detroit Pistons,116.6,Indiana Pacers,104.3,Detroit Pistons,12.3,73.49,,,,,,,,,,,,,,,,,,,,No
2025-01-29,Brooklyn Nets,113.6,Charlotte Hornets,114.6,Charlotte Hornets,1.0,52.71,,,,,,,,,,,,,,,,,,,,No
2025-01-29,Denver Nuggets,123.9,New York Knicks,123.6,Denver Nuggets,0.3,52.29,,,,,,,,,,,,,,,,,,,,No
2025-01-30,Los Angeles Lakers,113.7,Washington Wizards,104.1,Los Angeles Lakers,9.5,65.79,,,,,,,,,,,,,,,,,,,,No
2025-01-30,Atlanta Hawks,106.5,Cleveland Cavaliers,126.0,Cleveland Cavaliers,19.5,89.12,,,,,,,,,,,,,,,,,,,,No
2025-01-30,Houston Rockets,118.9,Memphis Grizzlies,114.6,Houston Rockets,4.3,55.75,,,,,,,,,,,,,,,,,,,,No
2025-01-30,Orlando Magic,112.8,Portland Trail Blazers,99.7,Orlando Magic,13.1,75.73,,,,,,,,,,,,,,,,,,,,No
2025-01-30,Minnesota Timberwolves,122.4,Utah Jazz,111.2,Minnesota Timberwolves,11.2,70.39,,,,,,,,,,,,,,,,,,,,No
2025-01-31,Phoenix Suns,121.4,Golden State Warriors,114.0,Phoenix Suns,7.5,61.09,,,,,,,,,,,,,,,,,,,,No
2025-01-31,Milwaukee Bucks,114.8,San Antonio Spurs,102.3,Milwaukee Bucks,12.5,74.05,,,,,,,,,,,,,,,,,,,,No
2025-01-31,Boston Celtics,119.0,New Orleans Pelicans,109.8,Boston Celtics,9.2,65.03,,,,,,,,,,,,,,,,,,,,No
2025-01-31,Los Angeles Clippers,116.0,Charlotte Hornets,103.9,Los Angeles Clippers,12.1,72.92,,,,,,,,,,,,,,,,,,,,No
2025-01-31,Denver Nuggets,126.0,Philadelphia 76ers,114.5,Denver Nuggets,11.5,71.23,,,,,,,,,,,,,,,,,,,,No
2025-01-31,Dallas Mavericks,110.6,Detroit Pistons,101.1,Dallas Mavericks,9.5,65.79,,,,,,,,,,,,,,,,,,,,No
2025-01-31,Chicago Bulls,119.5,Toronto Raptors,117.6,Chicago Bulls,1.9,53.34,,,,,,,,,,,,,,,,,,,,No
2025-02-01,Sacramento Kings,112.1,Oklahoma City Thunder,106.5,Sacramento Kings,5.6,57.6,,,,,,,,,,,,,,,,,,,,No
2025-02-01,Phoenix Suns,113.9,Portland Trail Blazers,101.8,Phoenix Suns,12.0,72.64,,,,,,,,,,,,,,,,,,,,No
2025-02-01,Miami Heat,117.5,San Antonio Spurs,110.1,Miami Heat,7.4,60.89,,,,,,,,,,,,,,,,,,,,No
2025-02-01,Los Angeles Lakers,103.8,New York Knicks,107.8,New York Knicks,4.0,55.38,,,,,,,,,,,,,,,,,,,,No
2025-02-01,Washington Wizards,99.5,Minnesota Timberwolves,110.7,Minnesota Timberwolves,11.2,70.39,,,,,,,,,,,,,,,,,,,,No
2025-02-01,Denver Nuggets,131.4,Charlotte Hornets,117.0,Denver Nuggets,14.4,79.21,,,,,,,,,,,,,,,,,,,,No
2025-02-01,Brooklyn Nets,107.0,Houston Rockets,113.5,Houston Rockets,6.5,59.13,,,,,,,,,,,,,,,,,,,,No
2025-02-01,Orlando Magic,126.0,Utah Jazz,103.9,Orlando Magic,22.1,91.74,,,,,,,,,,,,,,,,,,,,No
2025-02-01,Atlanta Hawks,109.4,Indiana Pacers,98.6,Atlanta Hawks,10.8,69.27,,,,,,,,,,,,,,,,,,,,No
2025-02-02,Chicago Bulls,117.2,Detroit Pistons,117.4,Detroit Pistons,0.2,52.24,,,,,,,,,,,,,,,,,,,,No
2025-02-02,Dallas Mavericks,111.8,Cleveland Cavaliers,122.3,Cleveland Cavaliers,10.5,68.45,,,,,,,,,,,,,,,,,,,,No
2025-02-02,Los Angeles Clippers,113.9,Toronto Raptors,106.0,Los Angeles Clippers,7.9,61.95,,,,,,,,,,,,,,,,,,,,No
2025-02-02,Boston Celtics,117.1,Philadelphia 76ers,101.9,Boston Celtics,15.2,81.2,,,,,,,,,,,,,,,,,,,,No
2025-02-02,Memphis Grizzlies,115.2,Milwaukee Bucks,117.9,Milwaukee Bucks,2.7,54.02,,,,,,,,,,,,,,,,,,,,No
2025-02-03,Phoenix Suns,113.9,Portland Trail Blazers,101.8,Phoenix Suns,12.0,72.64,,,,,,,,,,,,,,,,,,,,No
2025-02-03,Orlando Magic,113.0,Golden State Warriors,101.5,Orlando Magic,11.5,71.23,,,,,,,,,,,,,,,,,,,,No
2025-02-03,Indiana Pacers,126.3,Utah Jazz,122.4,Indiana Pacers,3.9,55.27,,,,,,,,,,,,,,,,,,,,No
2025-02-03,New Orleans Pelicans,107.6,Denver Nuggets,111.4,Denver Nuggets,3.8,55.15,,,,,,,,,,,,,,,,,,,,No
2025-02-03,Milwaukee Bucks,103.9,Oklahoma City Thunder,96.0,Milwaukee Bucks,7.8,61.74,,,,,,,,,,,,,,,,,,,,No
2025-02-03,Houston Rockets,112.8,New York Knicks,109.7,Houston Rockets,3.1,54.4,,,,,,,,,,,,,,,,,,,,No
2025-02-03,San Antonio Spurs,124.4,Memphis Grizzlies,123.9,San Antonio Spurs,0.6,52.46,,,,,,,,,,,,,,,,,,,,No
2025-02-03,Atlanta Hawks,114.9,Detroit Pistons,114.4,Atlanta Hawks,0.5,52.4,,,,,,,,,,,,,,,,,,,,No
2025-02-03,Washington Wizards,114.5,Charlotte Hornets,118.0,Charlotte Hornets,3.5,54.82,,,,,,,,,,,,,,,,,,,,No
2025-02-03,Sacramento Kings,116.9,Minnesota Timberwolves,105.2,Sacramento Kings,11.7,71.79,,,,,,,,,,,,,,,,,,,,No
2025-02-04,Los Angeles Lakers,100.7,Los Angeles Clippers,101.3,Los Angeles Clippers,0.6,52.46,,,,,,,,,,,,,,,,,,,,No
2025-02-04,Indiana Pacers,109.5,Portland Trail Blazers,103.9,Indiana Pacers,5.6,57.6,,,,,,,,,,,,,,,,,,,,No
2025-02-04,Miami Heat,114.9,Chicago Bulls,106.6,Miami Heat,8.3,62.86,,,,,,,,,,,,,,,,,,,,No
2025-02-04,Dallas Mavericks,111.9,Philadelphia 76ers,95.9,Dallas Mavericks,16.0,83.05,,,,,,,,,,,,,,,,,,,,No
2025-02-04,Houston Rockets,117.4,Brooklyn Nets,102.9,Houston Rockets,14.5,79.47,,,,,,,,,,,,,,,,,,,,No
2025-02-04,Boston Celtics,113.2,Cleveland Cavaliers,117.8,Cleveland Cavaliers,4.6,56.14,,,,,,,,,,,,,,,,,,,,No
2025-02-04,New York Knicks,116.0,Toronto Raptors,108.1,New York Knicks,7.8,61.74,,,,,,,,,,,,,,,,,,,,No
2025-02-05,Chicago Bulls,109.9,Minnesota Timberwolves,110.6,Minnesota Timberwolves,0.7,52.52,,,,,,,,,,,,,,,,,,,,No
2025-02-05,Milwaukee Bucks,116.6,Charlotte Hornets,102.2,Milwaukee Bucks,14.5,79.47,,,,,,,,,,,,,,,,,,,,No
2025-02-05,Cleveland Cavaliers,122.1,Detroit Pistons,110.4,Cleveland Cavaliers,11.7,71.79,,,,,,,,,,,,,,,,,,,,No
2025-02-05,San Antonio Spurs,129.3,Atlanta Hawks,116.4,San Antonio Spurs,12.9,75.17,,,,,,,,,,,,,,,,,,,,No
2025-02-05,Washington Wizards,105.1,Brooklyn Nets,106.1,Brooklyn Nets,1.0,52.71,,,,,,,,,,,,,,,,,,,,No
2025-02-05,Miami Heat,111.3,Philadelphia 76ers,100.9,Miami Heat,10.4,68.18,,,,,,,,,,,,,,,,,,,,No
2025-02-05,Memphis Grizzlies,124.5,Toronto Raptors,113.7,Memphis Grizzlies,10.8,69.27,,,,,,,,,,,,,,,,,,,,No
2025-02-05,Phoenix Suns,107.6,Oklahoma City Thunder,110.9,Oklahoma City Thunder,3.3,54.61,,,,,,,,,,,,,,,,,,,,No
2025-02-05,Golden State Warriors,114.9,Utah Jazz,117.7,Utah Jazz,2.8,54.11,,,,,,,,,,,,,,,,,,,,No
2025-02-05,New Orleans Pelicans,107.6,Denver Nuggets,111.4,Denver Nuggets,3.8,55.15,,,,,,,,,,,,,,,,,,,,No
2025-02-05,Orlando Magic,111.6,Sacramento Kings,100.7,Orlando Magic,10.9,69.55,,,,,,,,,,,,,,,,,,,,No
2025-02-06,Golden State Warriors,108.3,Los Angeles Lakers,98.1,Golden State Warriors,10.2,67.64,,,,,,,,,,,,,,,,,,,,No
2025-02-06,Orlando Magic,110.0,Denver Nuggets,102.1,Orlando Magic,7.9,61.95,,,,,,,,,,,,,,,,,,,,No
2025-02-06,Sacramento Kings,112.0,Portland Trail Blazers,102.7,Sacramento Kings,9.3,65.28,,,,,,,,,,,,,,,,,,,,No
2025-02-06,Dallas Mavericks,114.6,Boston Celtics,116.0,Boston Celtics,1.3,52.9,,,,,,,,,,,,,,,,,,,,No
2025-02-06,Houston Rockets,112.9,Minnesota Timberwolves,102.9,Houston Rockets,10.0,67.1,,,,,,,,,,,,,,,,,,,,No
2025-02-06,Indiana Pacers,108.3,Los Angeles Clippers,103.7,Indiana Pacers,4.6,56.14,,,,,,,,,,,,,,,,,,,,No
2025-02-07,Utah Jazz,123.4,Phoenix Suns,126.4,Phoenix Suns,3.0,54.3,,,,,,,,,,,,,,,,,,,,No
2025-02-07,Toronto Raptors,104.5,Oklahoma City Thunder,114.6,Oklahoma City Thunder,10.1,67.37,,,,,,,,,,,,,,,,,,,,No
2025-02-07,Miami Heat,110.4,Brooklyn Nets,98.7,Miami Heat,11.7,71.79,,,,,,,,,,,,,,,,,,,,No
2025-02-07,Philadelphia 76ers,111.1,Detroit Pistons,105.2,Philadelphia 76ers,6.0,58.25,,,,,,,,,,,,,,,,,,,,No
2025-02-07,Cleveland Cavaliers,124.8,Washington Wizards,104.1,Cleveland Cavaliers,20.7,90.5,,,,,,,,,,,,,,,,,,,,No
2025-02-07,San Antonio Spurs,122.4,Charlotte Hornets,109.7,San Antonio Spurs,12.7,74.61,,,,,,,,,,,,,,,,,,,,No
2025-02-07,Milwaukee Bucks,120.0,Atlanta Hawks,103.9,Milwaukee Bucks,16.1,83.26,,,,,,,,,,,,,,,,,,,,No
2025-02-08,Boston Celtics,116.9,New York Knicks,114.2,Boston Celtics,2.7,54.02,,,,,,,,,,,,,,,,,,,,No
2025-02-08,Utah Jazz,116.0,Los Angeles Clippers,117.5,Los Angeles Clippers,1.5,53.04,,,,,,,,,,,,,,,,,,,,No
2025-02-08,New Orleans Pelicans,106.9,Sacramento Kings,109.0,Sacramento Kings,2.1,53.5,,,,,,,,,,,,,,,,,,,,No
2025-02-08,Denver Nuggets,127.8,Phoenix Suns,123.8,Denver Nuggets,3.9,55.27,,,,,,,,,,,,,,,,,,,,No
2025-02-08,Portland Trail Blazers,100.8,Minnesota Timberwolves,109.4,Minnesota Timberwolves,8.6,63.56,,,,,,,,,,,,,,,,,,,,No
2025-02-08,Oklahoma City Thunder,119.3,Memphis Grizzlies,108.7,Oklahoma City Thunder,10.6,68.72,,,,,,,,,,,,,,,,,,,,No
2025-02-08,Golden State Warriors,112.2,Chicago Bulls,112.1,Golden State Warriors,0.1,52.19,,,,,,,,,,,,,,,,,,,,No
2025-02-08,Atlanta Hawks,123.1,Washington Wizards,105.7,Atlanta Hawks,17.4,85.87,,,,,,,,,,,,,,,,,,,,No
2025-02-08,San Antonio Spurs,116.4,Orlando Magic,115.6,San Antonio Spurs,0.9,52.64,,,,,,,,,,,,,,,,,,,,No
2025-02-08,Indiana Pacers,112.0,Los Angeles Lakers,104.1,Indiana Pacers,7.9,61.95,,,,,,,,,,,,,,,,,,,,No
2025-02-08,Houston Rockets,105.6,Dallas Mavericks,107.7,Dallas Mavericks,2.1,53.5,,,,,,,,,,,,,,,,,,,,No
2025-02-09,Charlotte Hornets,111.8,Detroit Pistons,118.2,Detroit Pistons,6.4,58.95,,,,,,,,,,,,,,,,,,,,No
2025-02-09,Toronto Raptors,108.9,Houston Rockets,118.8,Houston Rockets,9.9,66.83,,,,,,,,,,,,,,,,,,,,No
2025-02-09,Philadelphia 76ers,105.4,Milwaukee Bucks,113.6,Milwaukee Bucks,8.2,62.63,,,,,,,,,,,,,,,,,,,,No
2025-02-10,Sacramento Kings,116.8,Dallas Mavericks,109.5,Sacramento Kings,7.4,60.89,,,,,,,,,,,,,,,,,,,,No
2025-02-10,New Orleans Pelicans,102.5,Oklahoma City Thunder,116.6,Oklahoma City Thunder,14.2,78.69,,,,,,,,,,,,,,,,,,,,No
2025-02-10,Portland Trail Blazers,101.1,Denver Nuggets,110.4,Denver Nuggets,9.4,65.53,,,,,,,,,,,,,,,,,,,,No
2025-02-10,Golden State Warriors,104.9,Milwaukee Bucks,113.3,Milwaukee Bucks,8.4,63.09,,,,,,,,,,,,,,,,,,,,No
2025-02-10,Atlanta Hawks,112.7,Orlando Magic,121.0,Orlando Magic,8.4,63.09,,,,,,,,,,,,,,,,,,,,No
2025-02-10,Charlotte Hornets,110.7,Brooklyn Nets,110.5,Charlotte Hornets,0.2,52.24,,,,,,,,,,,,,,,,,,,,No
2025-02-10,San Antonio Spurs,124.3,Washington Wizards,104.4,San Antonio Spurs,20.0,89.73,,,,,,,,,,,,,,,,,,,,No
2025-02-10,Minnesota Timberwolves,111.4,Cleveland Cavaliers,120.1,Cleveland Cavaliers,8.8,64.04,,,,,,,,,,,,,,,,,,,,No
2025-02-10,Boston Celtics,115.8,Miami Heat,105.2,Boston Celtics,10.6,68.72,,,,,,,,,,,,,,,,,,,,No
2025-02-11,Toronto Raptors,115.4,Philadelphia 76ers,103.9,Toronto Raptors,11.5,71.23,,,,,,,,,,,,,,,,,,,,No
2025-02-11,New York Knicks,119.0,Indiana Pacers,102.9,New York Knicks,16.2,83.48,,,,,,,,,,,,,,,,,,,,No
2025-02-11,Detroit Pistons,123.5,Chicago Bulls,121.7,Detroit Pistons,1.9,53.34,,,,,,,,,,,,,,,,,,,,No
2025-02-11,Memphis Grizzlies,127.1,Phoenix Suns,121.4,Memphis Grizzlies,5.7,57.76,,,,,,,,,,,,,,,,,,,,No
2025-02-11,Utah Jazz,117.1,Los Angeles Lakers,106.4,Utah Jazz,10.7,69.0,,,,,,,,,,,,,,,,,,,,No
2025-02-12,Sacramento Kings,111.5,New Orleans Pelicans,102.2,Sacramento Kings,9.3,65.28,,,,,,,,,,,,,,,,,,,,No
2025-02-12,Golden State Warriors,98.2,Dallas Mavericks,104.3,Dallas Mavericks,6.1,58.42,,,,,,,,,,,,,,,,,,,,No
2025-02-12,Los Angeles Lakers,125.7,Utah Jazz,121.5,Los Angeles Lakers,4.2,55.63,,,,,,,,,,,,,,,,,,,,No
2025-02-12,Portland Trail Blazers,101.1,Denver Nuggets,110.4,Denver Nuggets,9.4,65.53,,,,,,,,,,,,,,,,,,,,No
2025-02-12,Phoenix Suns,117.8,Houston Rockets,121.0,Houston Rockets,3.2,54.5,,,,,,,,,,,,,,,,,,,,No
2025-02-12,Miami Heat,101.7,Oklahoma City Thunder,105.4,Oklahoma City Thunder,3.7,55.04,,,,,,,,,,,,,,,,,,,,No
2025-02-12,Milwaukee Bucks,107.3,Minnesota Timberwolves,98.1,Milwaukee Bucks,9.2,65.03,,,,,,,,,,,,,,,,,,,,No
2025-02-12,Memphis Grizzlies,116.5,Los Angeles Clippers,106.0,Memphis Grizzlies,10.5,68.45,,,,,,,,,,,,,,,,,,,,No
2025-02-12,Cleveland Cavaliers,121.3,Toronto Raptors,106.3,Cleveland Cavaliers,15.0,80.72,,,,,,,,,,,,,,,,,,,,No
2025-02-12,Atlanta Hawks,112.6,New York Knicks,116.4,New York Knicks,3.9,55.27,,,,,,,,,,,,,,,,,,,,No
2025-02-12,Philadelphia 76ers,107.3,Brooklyn Nets,97.8,Philadelphia 76ers,9.4,65.53,,,,,,,,,,,,,,,,,,,,No
2025-02-12,Indiana Pacers,117.2,Washington Wizards,106.4,Indiana Pacers,10.8,69.27,,,,,,,,,,,,,,,,,,,,No
2025-02-12,Charlotte Hornets,98.7,Orlando Magic,116.9,Orlando Magic,18.3,87.4,,,,,,,,,,,,,,,,,,,,No
2025-02-12,San Antonio Spurs,114.3,Boston Celtics,122.2,Boston Celtics,7.9,61.95,,,,,,,,,,,,,,,,,,,,No
2025-02-12,Detroit Pistons,123.5,Chicago Bulls,121.7,Detroit Pistons,1.9,53.34,,,,,,,,,,,,,,,,,,,,No
2025-02-13,Miami Heat,109.7,Dallas Mavericks,113.3,Dallas Mavericks,3.6,54.93,,,,,,,,,,,,,,,,,,,,No
2025-02-13,Oklahoma City Thunder,105.9,Minnesota Timberwolves,97.3,Oklahoma City Thunder,8.7,63.8,,,,,,,,,,,,,,,,,,,,No
2025-02-13,Golden State Warriors,94.7,Houston Rockets,103.4,Houston Rockets,8.7,63.8,,,,,,,,,,,,,,,,,,,,No
2025-02-13,Sacramento Kings,111.5,New Orleans Pelicans,102.2,Sacramento Kings,9.3,65.28,,,,,,,,,,,,,,,,,,,,No
2025-02-20,Phoenix Suns,125.7,San Antonio Spurs,114.9,Phoenix Suns,10.8,69.27,,,,,,,,,,,,,,,,,,,,No
2025-02-20,Los Angeles Clippers,108.4,Milwaukee Bucks,110.0,Milwaukee Bucks,1.6,53.12,,,,,,,,,,,,,,,,,,,,No
2025-02-20,Los Angeles Lakers,107.6,Portland Trail Blazers,105.0,Los Angeles Lakers,2.6,53.93,,,,,,,,,,,,,,,,,,,,No
2025-02-20,Chicago Bulls,115.6,New York Knicks,119.5,New York Knicks,3.8,55.15,,,,,,,,,,,,,,,,,,,,No
2025-02-20,Charlotte Hornets,106.6,Denver Nuggets,117.7,Denver Nuggets,11.1,70.11,,,,,,,,,,,,,,,,,,,,No
2025-02-20,Orlando Magic,119.8,Atlanta Hawks,98.0,Orlando Magic,21.8,91.5,,,,,,,,,,,,,,,,,,,,No
2025-02-20,Cleveland Cavaliers,121.5,Brooklyn Nets,102.6,Cleveland Cavaliers,18.9,88.31,,,,,,,,,,,,,,,,,,,,No
2025-02-20,Boston Celtics,117.1,Philadelphia 76ers,101.9,Boston Celtics,15.2,81.2,,,,,,,,,,,,,,,,,,,,No
2025-02-20,Memphis Grizzlies,116.8,Indiana Pacers,103.4,Memphis Grizzlies,13.5,76.82,,,,,,,,,,,,,,,,,,,,No
2025-02-21,Golden State Warriors,104.0,Sacramento Kings,104.7,Sacramento Kings,0.7,52.52,,,,,,,,,,,,,,,,,,,,No
2025-02-21,Oklahoma City Thunder,127.4,Utah Jazz,106.8,Oklahoma City Thunder,20.5,90.29,,,,,,,,,,,,,,,,,,,,No
2025-02-21,Detroit Pistons,123.2,San Antonio Spurs,121.2,Detroit Pistons,2.0,53.42,,,,,,,,,,,,,,,,,,,,No
2025-02-21,Minnesota Timberwolves,103.5,Houston Rockets,99.1,Minnesota Timberwolves,4.4,55.88,,,,,,,,,,,,,,,,,,,,No
2025-02-21,New Orleans Pelicans,106.9,Dallas Mavericks,119.8,Dallas Mavericks,12.9,75.17,,,,,,,,,,,,,,,,,,,,No
2025-02-21,Milwaukee Bucks,120.6,Washington Wizards,101.9,Milwaukee Bucks,18.6,87.87,,,,,,,,,,,,,,,,,,,,No
2025-02-21,Memphis Grizzlies,115.5,Orlando Magic,113.7,Memphis Grizzlies,1.8,53.26,,,,,,,,,,,,,,,,,,,,No
2025-02-21,New York Knicks,117.0,Cleveland Cavaliers,123.0,Cleveland Cavaliers,6.0,58.25,,,,,,,,,,,,,,,,,,,,No
2025-02-21,Miami Heat,114.3,Toronto Raptors,109.2,Miami Heat,5.1,56.84,,,,,,,,,,,,,,,,,,,,No
2025-02-22,Phoenix Suns,125.3,Chicago Bulls,113.1,Phoenix Suns,12.2,73.21,,,,,,,,,,,,,,,,,,,,No
2025-02-22,Brooklyn Nets,104.3,Philadelphia 76ers,104.5,Philadelphia 76ers,0.3,52.29,,,,,,,,,,,,,,,,,,,,No
2025-02-22,Los Angeles Lakers,104.3,Denver Nuggets,109.3,Denver Nuggets,4.9,56.55,,,,,,,,,,,,,,,,,,,,No
2025-02-22,Houston Rockets,129.4,Utah Jazz,110.6,Houston Rockets,18.7,88.02,,,,,,,,,,,,,,,,,,,,No
2025-02-22,Charlotte Hornets,109.0,Portland Trail Blazers,115.8,Portland Trail Blazers,6.8,59.69,,,,,,,,,,,,,,,,,,,,No
2025-02-23,San Antonio Spurs,113.5,New Orleans Pelicans,104.5,San Antonio Spurs,9.0,64.53,,,,,,,,,,,,,,,,,,,,No
2025-02-23,Oklahoma City Thunder,105.9,Minnesota Timberwolves,97.3,Oklahoma City Thunder,8.7,63.8,,,,,,,,,,,,,,,,,,,,No
2025-02-23,Memphis Grizzlies,115.8,Cleveland Cavaliers,125.0,Cleveland Cavaliers,9.2,65.03,,,,,,,,,,,,,,,,,,,,No
2025-02-23,Miami Heat,105.5,Milwaukee Bucks,109.6,Milwaukee Bucks,4.1,55.5,,,,,,,,,,,,,,,,,,,,No
2025-02-23,Phoenix Suns,121.8,Toronto Raptors,110.7,Phoenix Suns,11.1,70.11,,,,,,,,,,,,,,,,,,,,No
2025-02-23,Detroit Pistons,124.0,Atlanta Hawks,118.4,Detroit Pistons,5.6,57.6,,,,,,,,,,,,,,,,,,,,No
2025-02-23,Los Angeles Clippers,106.6,Indiana Pacers,96.6,Los Angeles Clippers,10.1,67.37,,,,,,,,,,,,,,,,,,,,No
2025-02-23,Dallas Mavericks,112.7,Golden State Warriors,103.5,Dallas Mavericks,9.2,65.03,,,,,,,,,,,,,,,,,,,,No
2025-02-23,New York Knicks,117.4,Boston Celtics,121.1,Boston Celtics,3.7,55.04,,,,,,,,,,,,,,,,,,,,No
2025-02-23,Washington Wizards,95.5,Orlando Magic,111.8,Orlando Magic,16.2,83.48,,,,,,,,,,,,,,,,,,,,No
2025-02-24,Portland Trail Blazers,117.2,Utah Jazz,122.7,Utah Jazz,5.6,57.6,,,,,,,,,,,,,,,,,,,,No
2025-02-24,Charlotte Hornets,108.4,Sacramento Kings,117.4,Sacramento Kings,9.1,64.78,,,,,,,,,,,,,,,,,,,,No
2025-02-24,Miami Heat,122.7,Atlanta Hawks,112.6,Miami Heat,10.1,67.37,,,,,,,,,,,,,,,,,,,,No
2025-02-24,Minnesota Timberwolves,103.8,Oklahoma City Thunder,95.7,Minnesota Timberwolves,8.1,62.4,,,,,,,,,,,,,,,,,,,,No
2025-02-24,Chicago Bulls,113.4,Philadelphia 76ers,106.5,Chicago Bulls,6.9,59.88,,,,,,,,,,,,,,,,,,,,No
2025-02-24,Denver Nuggets,122.7,Indiana Pacers,115.1,Denver Nuggets,7.6,61.31,,,,,,,,,,,,,,,,,,,,No
2025-02-24,Los Angeles Clippers,112.2,Detroit Pistons,106.0,Los Angeles Clippers,6.2,58.6,,,,,,,,,,,,,,,,,,,,No
2025-02-24,Brooklyn Nets,115.3,Washington Wizards,111.0,Brooklyn Nets,4.3,55.75,,,,,,,,,,,,,,,,,,,,No
2025-02-25,Dallas Mavericks,112.5,Los Angeles Lakers,97.7,Dallas Mavericks,14.8,80.22,,,,,,,,,,,,,,,,,,,,No
2025-02-25,Boston Celtics,118.0,Toronto Raptors,110.7,Boston Celtics,7.3,60.68,,,,,,,,,,,,,,,,,,,,No
2025-02-25,Cleveland Cavaliers,114.1,Orlando Magic,99.4,Cleveland Cavaliers,14.8,80.22,,,,,,,,,,,,,,,,,,,,No
2025-02-25,Milwaukee Bucks,107.5,Houston Rockets,101.1,Milwaukee Bucks,6.4,58.95,,,,,,,,,,,,,,,,,,,,No
2025-02-25,Phoenix Suns,126.9,Memphis Grizzlies,122.4,Phoenix Suns,4.5,56.01,,,,,,,,,,,,,,,,,,,,No
2025-02-25,San Antonio Spurs,113.5,New Orleans Pelicans,104.5,San Antonio Spurs,9.0,64.53,,,,,,,,,,,,,,,,,,,,No
2025-02-25,Charlotte Hornets,109.4,Golden State Warriors,118.7,Golden State Warriors,9.3,65.28,,,,,,,,,,,,,,,,,,,,No
2025-02-26,Los Angeles Clippers,119.3,Chicago Bulls,109.1,Los Angeles Clippers,10.1,67.37,,,,,,,,,,,,,,,,,,,,No
2025-02-26,Atlanta Hawks,119.4,Miami Heat,112.4,Atlanta Hawks,7.1,60.28,,,,,,,,,,,,,,,,,,,,No
2025-02-26,San Antonio Spurs,112.5,Houston Rockets,119.4,Houston Rockets,6.9,59.88,,,,,,,,,,,,,,,,,,,,No
2025-02-26,Oklahoma City Thunder,114.2,Brooklyn Nets,97.8,Oklahoma City Thunder,16.5,84.11,,,,,,,,,,,,,,,,,,,,No
2025-02-26,Sacramento Kings,128.0,Utah Jazz,122.2,Sacramento Kings,5.9,58.08,,,,,,,,,,,,,,,,,,,,No
2025-02-26,Philadelphia 76ers,108.9,New York Knicks,108.6,Philadelphia 76ers,0.3,52.29,,,,,,,,,,,,,,,,,,,,No
2025-02-26,Toronto Raptors,108.6,Indiana Pacers,99.8,Toronto Raptors,8.8,64.04,,,,,,,,,,,,,,,,,,,,No
2025-02-26,Boston Celtics,118.7,Detroit Pistons,110.1,Boston Celtics,8.5,63.32,,,,,,,,,,,,,,,,,,,,No
2025-02-26,Portland Trail Blazers,113.9,Washington Wizards,111.9,Portland Trail Blazers,1.9,53.34,,,,,,,,,,,,,,,,,,,,No
2025-02-27,Golden State Warriors,98.2,Orlando Magic,99.9,Orlando Magic,1.7,53.19,,,,,,,,,,,,,,,,,,,,No
2025-02-27,Denver Nuggets,123.3,Milwaukee Bucks,124.9,Milwaukee Bucks,1.7,53.19,,,,,,,,,,,,,,,,,,,,No
2025-02-27,Charlotte Hornets,102.0,Dallas Mavericks,122.0,Dallas Mavericks,20.0,89.73,,,,,,,,,,,,,,,,,,,,No
2025-02-27,New Orleans Pelicans,116.0,Phoenix Suns,123.8,Phoenix Suns,7.8,61.74,,,,,,,,,,,,,,,,,,,,No
2025-02-27,Minnesota Timberwolves,109.9,Los Angeles Lakers,95.7,Minnesota Timberwolves,14.2,78.69,,,,,,,,,,,,,,,,,,,,No
2025-02-28,Los Angeles Clippers,109.6,Los Angeles Lakers,99.4,Los Angeles Clippers,10.2,67.64,,,,,,,,,,,,,,,,,,,,No
2025-02-28,Minnesota Timberwolves,122.4,Utah Jazz,111.2,Minnesota Timberwolves,11.2,70.39,,,,,,,,,,,,,,,,,,,,No
2025-02-28,New Orleans Pelicans,116.0,Phoenix Suns,123.8,Phoenix Suns,7.8,61.74,,,,,,,,,,,,,,,,,,,,No
2025-02-28,Indiana Pacers,113.2,Miami Heat,106.1,Indiana Pacers,7.1,60.28,,,,,,,,,,,,,,,,,,,,No
2025-02-28,New York Knicks,122.0,Memphis Grizzlies,116.9,New York Knicks,5.1,56.84,,,,,,,,,,,,,,,,,,,,No
2025-02-28,Portland Trail Blazers,107.2,Brooklyn Nets,105.9,Portland Trail Blazers,1.3,52.9,,,,,,,,,,,,,,,,,,,,No
2025-02-28,Cleveland Cavaliers,120.8,Boston Celtics,114.0,Cleveland Cavaliers,6.9,59.88,,,,,,,,,,,,,,,,,,,,No
2025-02-28,Oklahoma City Thunder,117.9,Atlanta Hawks,96.0,Oklahoma City Thunder,21.9,91.58,,,,,,,,,,,,,,,,,,,,No
2025-02-28,Denver Nuggets,127.1,Detroit Pistons,124.0,Denver Nuggets,3.2,54.5,,,,,,,,,,,,,,,,,,,,No
2025-02-28,Toronto Raptors,129.1,Chicago Bulls,122.9,Toronto Raptors,6.2,58.6,,,,,,,,,,,,,,,,,,,,No
2025-03-01,Washington Wizards,114.5,Charlotte Hornets,118.0,Charlotte Hornets,3.5,54.82,,,,,,,,,,,,,,,,,,,,No
2025-03-01,Brooklyn Nets,113.0,Detroit Pistons,112.5,Brooklyn Nets,0.5,52.4,,,,,,,,,,,,,,,,,,,,No
2025-03-01,Sacramento Kings,114.1,Houston Rockets,109.6,Sacramento Kings,4.4,55.88,,,,,,,,,,,,,,,,,,,,No
2025-03-01,San Antonio Spurs,124.4,Memphis Grizzlies,123.9,San Antonio Spurs,0.6,52.46,,,,,,,,,,,,,,,,,,,,No
2025-03-01,Milwaukee Bucks,107.5,Dallas Mavericks,98.8,Milwaukee Bucks,8.8,64.04,,,,,,,,,,,,,,,,,,,,No
2025-03-01,Golden State Warriors,106.5,Philadelphia 76ers,99.4,Golden State Warriors,7.1,60.28,,,,,,,,,,,,,,,,,,,,No
2025-03-02,New Orleans Pelicans,122.1,Utah Jazz,126.9,Utah Jazz,4.8,56.41,,,,,,,,,,,,,,,,,,,,No
2025-03-02,Los Angeles Clippers,109.6,Los Angeles Lakers,99.4,Los Angeles Clippers,10.2,67.64,,,,,,,,,,,,,,,,,,,,No
2025-03-02,Minnesota Timberwolves,116.2,Phoenix Suns,106.1,Minnesota Timberwolves,10.1,67.37,,,,,,,,,,,,,,,,,,,,No
2025-03-02,Oklahoma City Thunder,115.2,San Antonio Spurs,98.5,Oklahoma City Thunder,16.8,84.72,,,,,,,,,,,,,,,,,,,,No
2025-03-02,Portland Trail Blazers,100.2,Cleveland Cavaliers,123.0,Cleveland Cavaliers,22.8,92.23,,,,,,,,,,,,,,,,,,,,No
2025-03-02,New York Knicks,116.2,Miami Heat,107.0,New York Knicks,9.2,65.03,,,,,,,,,,,,,,,,,,,,No
2025-03-02,Chicago Bulls,114.7,Indiana Pacers,109.2,Chicago Bulls,5.5,57.44,,,,,,,,,,,,,,,,,,,,No
2025-03-02,Denver Nuggets,124.7,Boston Celtics,125.6,Boston Celtics,0.9,52.64,,,,,,,,,,,,,,,,,,,,No
2025-03-02,Toronto Raptors,111.2,Orlando Magic,120.7,Orlando Magic,9.4,65.53,,,,,,,,,,,,,,,,,,,,No
2025-03-03,Golden State Warriors,118.8,Charlotte Hornets,110.1,Golden State Warriors,8.8,64.04,,,,,,,,,,,,,,,,,,,,No
2025-03-03,Portland Trail Blazers,100.6,Philadelphia 76ers,109.0,Philadelphia 76ers,8.4,63.09,,,,,,,,,,,,,,,,,,,,No
2025-03-03,Washington Wizards,106.6,Miami Heat,116.2,Miami Heat,9.6,66.05,,,,,,,,,,,,,,,,,,,,No
2025-03-03,Atlanta Hawks,121.6,Memphis Grizzlies,127.6,Memphis Grizzlies,6.0,58.25,,,,,,,,,,,,,,,,,,,,No
2025-03-03,Houston Rockets,109.6,Oklahoma City Thunder,105.4,Houston Rockets,4.2,55.63,,,,,,,,,,,,,,,,,,,,No
2025-03-03,Sacramento Kings,116.8,Dallas Mavericks,109.5,Sacramento Kings,7.4,60.89,,,,,,,,,,,,,,,,,,,,No
2025-03-03,Detroit Pistons,125.6,Utah Jazz,124.1,Detroit Pistons,1.5,53.04,,,,,,,,,,,,,,,,,,,,No
2025-03-04,New Orleans Pelicans,110.5,Los Angeles Lakers,111.5,Los Angeles Lakers,1.0,52.71,,,,,,,,,,,,,,,,,,,,No
2025-03-04,Los Angeles Clippers,120.8,Phoenix Suns,114.5,Los Angeles Clippers,6.3,58.77,,,,,,,,,,,,,,,,,,,,No
2025-03-04,Brooklyn Nets,116.8,San Antonio Spurs,117.6,San Antonio Spurs,0.7,52.52,,,,,,,,,,,,,,,,,,,,No
2025-03-04,Philadelphia 76ers,98.7,Minnesota Timberwolves,98.1,Philadelphia 76ers,0.6,52.46,,,,,,,,,,,,,,,,,,,,No
2025-03-04,Houston Rockets,112.1,Indiana Pacers,99.4,Houston Rockets,12.7,74.61,,,,,,,,,,,,,,,,,,,,No
2025-03-04,Golden State Warriors,111.1,New York Knicks,113.2,New York Knicks,2.1,53.5,,,,,,,,,,,,,,,,,,,,No
2025-03-04,Milwaukee Bucks,120.0,Atlanta Hawks,103.9,Milwaukee Bucks,16.1,83.26,,,,,,,,,,,,,,,,,,,,No
2025-03-04,Toronto Raptors,111.2,Orlando Magic,120.7,Orlando Magic,9.4,65.53,,,,,,,,,,,,,,,,,,,,No
2025-03-04,Cleveland Cavaliers,123.7,Chicago Bulls,110.0,Cleveland Cavaliers,13.7,77.36,,,,,,,,,,,,,,,,,,,,No
2025-03-05,Detroit Pistons,114.3,Los Angeles Clippers,107.8,Detroit Pistons,6.5,59.13,,,,,,,,,,,,,,,,,,,,No
2025-03-05,Dallas Mavericks,111.9,Milwaukee Bucks,108.5,Dallas Mavericks,3.4,54.71,,,,,,,,,,,,,,,,,,,,No
2025-03-05,Sacramento Kings,116.9,Denver Nuggets,117.3,Denver Nuggets,0.4,52.35,,,,,,,,,,,,,,,,,,,,No
2025-03-05,Oklahoma City Thunder,119.3,Memphis Grizzlies,108.7,Oklahoma City Thunder,10.6,68.72,,,,,,,,,,,,,,,,,,,,No
2025-03-05,Miami Heat,104.9,Cleveland Cavaliers,121.2,Cleveland Cavaliers,16.3,83.69,,,,,,,,,,,,,,,,,,,,No
2025-03-05,Minnesota Timberwolves,111.2,Charlotte Hornets,100.3,Minnesota Timberwolves,10.9,69.55,,,,,,,,,,,,,,,,,,,,No
2025-03-05,Portland Trail Blazers,100.2,Boston Celtics,122.1,Boston Celtics,21.9,91.58,,,,,,,,,,,,,,,,,,,,No
2025-03-05,Utah Jazz,123.2,Washington Wizards,108.6,Utah Jazz,14.6,79.72,,,,,,,,,,,,,,,,,,,,No
2025-03-06,Indiana Pacers,124.2,Atlanta Hawks,116.4,Indiana Pacers,7.8,61.74,,,,,,,,,,,,,,,,,,,,No
2025-03-06,Philadelphia 76ers,104.8,Boston Celtics,120.1,Boston Celtics,15.2,81.2,,,,,,,,,,,,,,,,,,,,No
2025-03-06,Golden State Warriors,112.6,Brooklyn Nets,103.5,Golden State Warriors,9.0,64.53,,,,,,,,,,,,,,,,,,,,No
2025-03-06,Houston Rockets,121.6,New Orleans Pelicans,107.3,Houston Rockets,14.3,78.95,,,,,,,,,,,,,,,,,,,,No
2025-03-06,New York Knicks,114.3,Los Angeles Lakers,103.0,New York Knicks,11.3,70.67,,,,,,,,,,,,,,,,,,,,No
2025-03-07,New York Knicks,113.3,Los Angeles Clippers,104.3,New York Knicks,8.9,64.28,,,,,,,,,,,,,,,,,,,,No
2025-03-07,San Antonio Spurs,122.5,Sacramento Kings,116.5,San Antonio Spurs,6.1,58.42,,,,,,,,,,,,,,,,,,,,No
2025-03-07,Portland Trail Blazers,93.1,Oklahoma City Thunder,111.8,Oklahoma City Thunder,18.7,88.02,,,,,,,,,,,,,,,,,,,,No
2025-03-07,Phoenix Suns,116.1,Denver Nuggets,118.2,Denver Nuggets,2.1,53.5,,,,,,,,,,,,,,,,,,,,No
2025-03-07,Utah Jazz,123.1,Toronto Raptors,126.3,Toronto Raptors,3.2,54.5,,,,,,,,,,,,,,,,,,,,No
2025-03-07,Memphis Grizzlies,114.4,Dallas Mavericks,116.7,Dallas Mavericks,2.3,53.67,,,,,,,,,,,,,,,,,,,,No
2025-03-07,Cleveland Cavaliers,119.2,Charlotte Hornets,104.2,Cleveland Cavaliers,15.1,80.96,,,,,,,,,,,,,,,,,,,,No
2025-03-07,Minnesota Timberwolves,108.0,Miami Heat,96.3,Minnesota Timberwolves,11.8,72.08,,,,,,,,,,,,,,,,,,,,No
2025-03-08,Brooklyn Nets,113.6,Charlotte Hornets,114.6,Charlotte Hornets,1.0,52.71,,,,,,,,,,,,,,,,,,,,No
2025-03-08,New Orleans Pelicans,105.4,Houston Rockets,121.7,Houston Rockets,16.3,83.69,,,,,,,,,,,,,,,,,,,,No
2025-03-08,Indiana Pacers,124.2,Atlanta Hawks,116.4,Indiana Pacers,7.8,61.74,,,,,,,,,,,,,,,,,,,,No
2025-03-08,Washington Wizards,117.4,Toronto Raptors,126.1,Toronto Raptors,8.8,64.04,,,,,,,,,,,,,,,,,,,,No
2025-03-08,Chicago Bulls,114.5,Miami Heat,112.2,Chicago Bulls,2.3,53.67,,,,,,,,,,,,,,,,,,,,No
2025-03-08,Orlando Magic,110.1,Milwaukee Bucks,103.0,Orlando Magic,7.2,60.48,,,,,,,,,,,,,,,,,,,,No
2025-03-08,Los Angeles Lakers,102.6,Boston Celtics,122.5,Boston Celtics,19.9,89.62,,,,,,,,,,,,,,,,,,,,No
2025-03-08,Detroit Pistons,118.3,Golden State Warriors,116.4,Detroit Pistons,1.9,53.34,,,,,,,,,,,,,,,,,,,,No
2025-03-09,San Antonio Spurs,109.9,Minnesota Timberwolves,99.9,San Antonio Spurs,10.0,67.1,,,,,,,,,,,,,,,,,,,,No
2025-03-09,Sacramento Kings,114.8,Los Angeles Clippers,106.2,Sacramento Kings,8.7,63.8,,,,,,,,,,,,,,,,,,,,No
2025-03-09,Detroit Pistons,111.5,Portland Trail Blazers,102.9,Detroit Pistons,8.6,63.56,,,,,,,,,,,,,,,,,,,,No
2025-03-09,Cleveland Cavaliers,122.9,Milwaukee Bucks,113.3,Cleveland Cavaliers,9.6,66.05,,,,,,,,,,,,,,,,,,,,No
2025-03-09,Memphis Grizzlies,118.7,New Orleans Pelicans,105.2,Memphis Grizzlies,13.4,76.55,,,,,,,,,,,,,,,,,,,,No
2025-03-09,Phoenix Suns,117.6,Dallas Mavericks,117.1,Phoenix Suns,0.4,52.35,,,,,,,,,,,,,,,,,,,,No
2025-03-09,Denver Nuggets,122.0,Oklahoma City Thunder,119.6,Denver Nuggets,2.4,53.75,,,,,,,,,,,,,,,,,,,,No
2025-03-09,Utah Jazz,117.9,Philadelphia 76ers,104.9,Utah Jazz,13.0,75.45,,,,,,,,,,,,,,,,,,,,No
2025-03-10,Denver Nuggets,122.0,Oklahoma City Thunder,119.6,Denver Nuggets,2.4,53.75,,,,,,,,,,,,,,,,,,,,No
2025-03-10,New York Knicks,121.4,Sacramento Kings,108.3,New York Knicks,13.2,76.0,,,,,,,,,,,,,,,,,,,,No
2025-03-10,Portland Trail Blazers,102.6,Golden State Warriors,113.6,Golden State Warriors,11.0,69.83,,,,,,,,,,,,,,,,,,,,No
2025-03-10,Dallas Mavericks,120.4,San Antonio Spurs,104.1,Dallas Mavericks,16.2,83.48,,,,,,,,,,,,,,,,,,,,No
2025-03-10,Phoenix Suns,126.9,Memphis Grizzlies,122.4,Phoenix Suns,4.5,56.01,,,,,,,,,,,,,,,,,,,,No
2025-03-10,Orlando Magic,108.0,Houston Rockets,99.8,Orlando Magic,8.2,62.63,,,,,,,,,,,,,,,,,,,,No
2025-03-10,Washington Wizards,117.4,Toronto Raptors,126.1,Toronto Raptors,8.8,64.04,,,,,,,,,,,,,,,,,,,,No
2025-03-10,Charlotte Hornets,106.5,Miami Heat,118.1,Miami Heat,11.6,71.51,,,,,,,,,,,,,,,,,,,,No
2025-03-10,Los Angeles Lakers,104.5,Brooklyn Nets,98.9,Los Angeles Lakers,5.7,57.76,,,,,,,,,,,,,,,,,,,,No
2025-03-10,Utah Jazz,116.8,Boston Celtics,128.4,Boston Celtics,11.6,71.51,,,,,,,,,,,,,,,,,,,,No
2025-03-10,Philadelphia 76ers,120.7,Atlanta Hawks,109.1,Philadelphia 76ers,11.5,71.23,,,,,,,,,,,,,,,,,,,,No
2025-03-10,Indiana Pacers,120.3,Chicago Bulls,114.1,Indiana Pacers,6.3,58.77,,,,,,,,,,,,,,,,,,,,No
2025-03-11,Los Angeles Clippers,110.0,New Orleans Pelicans,101.7,Los Angeles Clippers,8.4,63.09,,,,,,,,,,,,,,,,,,,,No
2025-03-11,Brooklyn Nets,107.5,Cleveland Cavaliers,125.3,Cleveland Cavaliers,17.8,86.58,,,,,,,,,,,,,,,,,,,,No
2025-03-11,Washington Wizards,109.9,Detroit Pistons,118.0,Detroit Pistons,8.0,62.18,,,,,,,,,,,,,,,,,,,,No
2025-03-11,Milwaukee Bucks,114.0,Indiana Pacers,99.9,Milwaukee Bucks,14.1,78.43,,,,,,,,,,,,,,,,,,,,No
2025-03-12,Dallas Mavericks,120.4,San Antonio Spurs,104.1,Dallas Mavericks,16.2,83.48,,,,,,,,,,,,,,,,,,,,No
2025-03-12,Los Angeles Clippers,109.3,Miami Heat,99.7,Los Angeles Clippers,9.5,65.79,,,,,,,,,,,,,,,,,,,,No
2025-03-12,Minnesota Timberwolves,112.0,Denver Nuggets,106.9,Minnesota Timberwolves,5.2,56.98,,,,,,,,,,,,,,,,,,,,No
2025-03-12,New York Knicks,107.5,Portland Trail Blazers,99.3,New York Knicks,8.3,62.86,,,,,,,,,,,,,,,,,,,,No
2025-03-12,Utah Jazz,119.8,Memphis Grizzlies,130.3,Memphis Grizzlies,10.4,68.18,,,,,,,,,,,,,,,,,,,,No
2025-03-12,Charlotte Hornets,111.4,Atlanta Hawks,122.0,Atlanta Hawks,10.6,68.72,,,,,,,,,,,,,,,,,,,,No
2025-03-12,Philadelphia 76ers,112.9,Toronto Raptors,109.2,Philadelphia 76ers,3.7,55.04,,,,,,,,,,,,,,,,,,,,No
2025-03-12,Chicago Bulls,108.8,Orlando Magic,121.2,Orlando Magic,12.4,73.77,,,,,,,,,,,,,,,,,,,,No
2025-03-12,Phoenix Suns,117.8,Houston Rockets,121.0,Houston Rockets,3.2,54.5,,,,,,,,,,,,,,,,,,,,No
2025-03-12,Oklahoma City Thunder,113.0,Boston Celtics,114.3,Boston Celtics,1.3,52.9,,,,,,,,,,,,,,,,,,,,No
2025-03-13,Washington Wizards,109.9,Detroit Pistons,118.0,Detroit Pistons,8.0,62.18,,,,,,,,,,,,,,,,,,,,No
2025-03-13,Los Angeles Lakers,103.4,Milwaukee Bucks,114.2,Milwaukee Bucks,10.9,69.55,,,,,,,,,,,,,,,,,,,,No
2025-03-13,Brooklyn Nets,116.6,Chicago Bulls,117.5,Chicago Bulls,0.9,52.64,,,,,,,,,,,,,,,,,,,,No
2025-03-13,Sacramento Kings,120.7,Golden State Warriors,113.7,Sacramento Kings,7.0,60.08,,,,,,,,,,,,,,,,,,,,No
2025-03-14,Dallas Mavericks,109.5,Houston Rockets,101.8,Dallas Mavericks,7.7,61.52,,,,,,,,,,,,,,,,,,,,No
2025-03-14,Sacramento Kings,123.0,Phoenix Suns,117.2,Sacramento Kings,5.8,57.92,,,,,,,,,,,,,,,,,,,,No
2025-03-14,Toronto Raptors,131.5,Utah Jazz,125.9,Toronto Raptors,5.6,57.6,,,,,,,,,,,,,,,,,,,,No
2025-03-14,Los Angeles Lakers,104.3,Denver Nuggets,109.3,Denver Nuggets,4.9,56.55,,,,,,,,,,,,,,,,,,,,No
2025-03-14,Charlotte Hornets,107.0,San Antonio Spurs,121.7,San Antonio Spurs,14.8,80.22,,,,,,,,,,,,,,,,,,,,No
2025-03-14,Los Angeles Clippers,121.6,Atlanta Hawks,108.2,Los Angeles Clippers,13.4,76.55,,,,,,,,,,,,,,,,,,,,No
2025-03-14,Cleveland Cavaliers,126.0,Memphis Grizzlies,113.0,Cleveland Cavaliers,13.0,75.45,,,,,,,,,,,,,,,,,,,,No
2025-03-14,Indiana Pacers,110.7,Philadelphia 76ers,101.6,Indiana Pacers,9.0,64.53,,,,,,,,,,,,,,,,,,,,No
2025-03-14,Boston Celtics,115.8,Miami Heat,105.2,Boston Celtics,10.6,68.72,,,,,,,,,,,,,,,,,,,,No
2025-03-14,Orlando Magic,106.6,Minnesota Timberwolves,96.0,Orlando Magic,10.6,68.72,,,,,,,,,,,,,,,,,,,,No
2025-03-15,New York Knicks,119.3,Golden State Warriors,109.3,New York Knicks,10.0,67.1,,,,,,,,,,,,,,,,,,,,No
2025-03-15,New Orleans Pelicans,114.0,San Antonio Spurs,124.6,San Antonio Spurs,10.5,68.45,,,,,,,,,,,,,,,,,,,,No
2025-03-15,Washington Wizards,108.8,Denver Nuggets,121.3,Denver Nuggets,12.6,74.33,,,,,,,,,,,,,,,,,,,,No
2025-03-15,Indiana Pacers,111.5,Milwaukee Bucks,116.6,Milwaukee Bucks,5.1,56.84,,,,,,,,,,,,,,,,,,,,No
2025-03-15,Chicago Bulls,108.2,Houston Rockets,124.9,Houston Rockets,16.7,84.52,,,,,,,,,,,,,,,,,,,,No
2025-03-15,Oklahoma City Thunder,111.6,Detroit Pistons,99.5,Oklahoma City Thunder,12.0,72.64,,,,,,,,,,,,,,,,,,,,No
2025-03-15,Boston Celtics,122.1,Brooklyn Nets,105.7,Boston Celtics,16.4,83.91,,,,,,,,,,,,,,,,,,,,No
2025-03-15,Miami Heat,118.6,Memphis Grizzlies,120.0,Memphis Grizzlies,1.4,52.97,,,,,,,,,,,,,,,,,,,,No
2025-03-16,Oklahoma City Thunder,107.7,Milwaukee Bucks,100.6,Oklahoma City Thunder,7.1,60.28,,,,,,,,,,,,,,,,,,,,No
2025-03-16,Utah Jazz,113.5,Minnesota Timberwolves,118.1,Minnesota Timberwolves,4.6,56.14,,,,,,,,,,,,,,,,,,,,No
2025-03-16,Toronto Raptors,114.7,Portland Trail Blazers,103.2,Toronto Raptors,11.5,71.23,,,,,,,,,,,,,,,,,,,,No
2025-03-16,Washington Wizards,104.1,Los Angeles Clippers,114.8,Los Angeles Clippers,10.6,68.72,,,,,,,,,,,,,,,,,,,,No
2025-03-16,Atlanta Hawks,111.1,Brooklyn Nets,97.5,Atlanta Hawks,13.6,77.09,,,,,,,,,,,,,,,,,,,,No
2025-03-16,Phoenix Suns,116.2,Los Angeles Lakers,100.1,Phoenix Suns,16.1,83.26,,,,,,,,,,,,,,,,,,,,No
2025-03-16,Philadelphia 76ers,102.7,Dallas Mavericks,107.9,Dallas Mavericks,5.2,56.98,,,,,,,,,,,,,,,,,,,,No
2025-03-16,Orlando Magic,111.4,Cleveland Cavaliers,116.6,Cleveland Cavaliers,5.2,56.98,,,,,,,,,,,,,,,,,,,,No
2025-03-17,Miami Heat,109.0,New York Knicks,106.5,Miami Heat,2.5,53.84,,,,,,,,,,,,,,,,,,,,No
2025-03-17,Philadelphia 76ers,102.7,Houston Rockets,109.6,Houston Rockets,6.9,59.88,,,,,,,,,,,,,,,,,,,,No
2025-03-17,Indiana Pacers,102.4,Minnesota Timberwolves,98.2,Indiana Pacers,4.2,55.63,,,,,,,,,,,,,,,,,,,,No
2025-03-17,Detroit Pistons,113.5,New Orleans Pelicans,105.7,Detroit Pistons,7.8,61.74,,,,,,,,,,,,,,,,,,,,No
2025-03-17,Orlando Magic,117.4,San Antonio Spurs,99.2,Orlando Magic,18.2,87.24,,,,,,,,,,,,,,,,,,,,No
2025-03-17,Chicago Bulls,127.1,Utah Jazz,120.3,Chicago Bulls,6.8,59.69,,,,,,,,,,,,,,,,,,,,No
2025-03-17,Denver Nuggets,126.4,Golden State Warriors,122.4,Denver Nuggets,4.0,55.38,,,,,,,,,,,,,,,,,,,,No
2025-03-17,Toronto Raptors,122.6,Phoenix Suns,122.0,Toronto Raptors,0.7,52.52,,,,,,,,,,,,,,,,,,,,No
2025-03-17,Memphis Grizzlies,118.9,Sacramento Kings,115.9,Memphis Grizzlies,3.0,54.3,,,,,,,,,,,,,,,,,,,,No
2025-03-18,Milwaukee Bucks,114.1,Los Angeles Lakers,97.5,Milwaukee Bucks,16.6,84.32,,,,,,,,,,,,,,,,,,,,No
2025-03-18,Washington Wizards,111.0,Portland Trail Blazers,114.3,Portland Trail Blazers,3.3,54.61,,,,,,,,,,,,,,,,,,,,No
2025-03-18,Cleveland Cavaliers,117.7,Los Angeles Clippers,105.0,Cleveland Cavaliers,12.8,74.89,,,,,,,,,,,,,,,,,,,,No
2025-03-18,Atlanta Hawks,125.8,Charlotte Hornets,112.7,Atlanta Hawks,13.1,75.73,,,,,,,,,,,,,,,,,,,,No
2025-03-18,Brooklyn Nets,107.2,Boston Celtics,122.8,Boston Celtics,15.6,82.14,,,,,,,,,,,,,,,,,,,,No
2025-03-19,Cleveland Cavaliers,122.8,Sacramento Kings,107.4,Cleveland Cavaliers,15.4,81.68,,,,,,,,,,,,,,,,,,,,No
2025-03-19,Memphis Grizzlies,117.8,Portland Trail Blazers,101.8,Memphis Grizzlies,16.0,83.05,,,,,,,,,,,,,,,,,,,,No
2025-03-19,Chicago Bulls,116.4,Phoenix Suns,117.6,Phoenix Suns,1.3,52.9,,,,,,,,,,,,,,,,,,,,No
2025-03-19,Toronto Raptors,114.7,Golden State Warriors,112.6,Toronto Raptors,2.1,53.5,,,,,,,,,,,,,,,,,,,,No
2025-03-19,Los Angeles Clippers,126.7,Utah Jazz,119.0,Los Angeles Clippers,7.7,61.52,,,,,,,,,,,,,,,,,,,,No
2025-03-19,Denver Nuggets,124.6,Los Angeles Lakers,114.8,Denver Nuggets,9.7,66.31,,,,,,,,,,,,,,,,,,,,No
2025-03-19,Philadelphia 76ers,100.9,Oklahoma City Thunder,104.8,Oklahoma City Thunder,3.9,55.27,,,,,,,,,,,,,,,,,,,,No
2025-03-19,New Orleans Pelicans,101.4,Minnesota Timberwolves,107.2,Minnesota Timberwolves,5.7,57.76,,,,,,,,,,,,,,,,,,,,No
2025-03-19,Detroit Pistons,117.9,Miami Heat,113.5,Detroit Pistons,4.4,55.88,,,,,,,,,,,,,,,,,,,,No
2025-03-19,Houston Rockets,108.2,Orlando Magic,105.8,Houston Rockets,2.4,53.75,,,,,,,,,,,,,,,,,,,,No
2025-03-19,Dallas Mavericks,110.3,Indiana Pacers,98.2,Dallas Mavericks,12.1,72.92,,,,,,,,,,,,,,,,,,,,No
2025-03-19,New York Knicks,122.4,San Antonio Spurs,112.3,New York Knicks,10.1,67.37,,,,,,,,,,,,,,,,,,,,No
2025-03-20,New York Knicks,112.4,Charlotte Hornets,103.2,New York Knicks,9.2,65.03,,,,,,,,,,,,,,,,,,,,No
2025-03-20,Brooklyn Nets,106.0,Indiana Pacers,101.9,Brooklyn Nets,4.1,55.5,,,,,,,,,,,,,,,,,,,,No
2025-03-20,Milwaukee Bucks,114.5,Golden State Warriors,106.5,Milwaukee Bucks,8.0,62.18,,,,,,,,,,,,,,,,,,,,No
2025-03-20,Chicago Bulls,121.0,Sacramento Kings,117.9,Chicago Bulls,3.1,54.4,,,,,,,,,,,,,,,,,,,,No
2025-03-21,Boston Celtics,132.0,Utah Jazz,117.3,Boston Celtics,14.7,79.97,,,,,,,,,,,,,,,,,,,,No
2025-03-21,Memphis Grizzlies,116.5,Los Angeles Clippers,106.0,Memphis Grizzlies,10.5,68.45,,,,,,,,,,,,,,,,,,,,No
2025-03-21,Cleveland Cavaliers,125.7,Phoenix Suns,111.9,Cleveland Cavaliers,13.8,77.63,,,,,,,,,,,,,,,,,,,,No
2025-03-21,Detroit Pistons,115.6,Dallas Mavericks,113.3,Detroit Pistons,2.2,53.58,,,,,,,,,,,,,,,,,,,,No
2025-03-21,Denver Nuggets,123.2,Portland Trail Blazers,110.8,Denver Nuggets,12.3,73.49,,,,,,,,,,,,,,,,,,,,No
2025-03-21,Charlotte Hornets,94.6,Oklahoma City Thunder,115.8,Oklahoma City Thunder,21.2,90.98,,,,,,,,,,,,,,,,,,,,No
2025-03-21,New Orleans Pelicans,101.4,Minnesota Timberwolves,107.2,Minnesota Timberwolves,5.7,57.76,,,,,,,,,,,,,,,,,,,,No
2025-03-21,Houston Rockets,118.8,Miami Heat,105.7,Houston Rockets,13.1,75.73,,,,,,,,,,,,,,,,,,,,No
2025-03-21,Orlando Magic,119.3,Washington Wizards,95.9,Orlando Magic,23.4,92.6,,,,,,,,,,,,,,,,,,,,No
2025-03-21,Philadelphia 76ers,115.5,San Antonio Spurs,106.1,Philadelphia 76ers,9.4,65.53,,,,,,,,,,,,,,,,,,,,No
2025-03-22,Brooklyn Nets,106.0,Indiana Pacers,101.9,Brooklyn Nets,4.1,55.5,,,,,,,,,,,,,,,,,,,,No
2025-03-22,Golden State Warriors,107.6,Atlanta Hawks,106.8,Golden State Warriors,0.8,52.58,,,,,,,,,,,,,,,,,,,,No
2025-03-22,Washington Wizards,106.1,New York Knicks,119.8,New York Knicks,13.8,77.63,,,,,,,,,,,,,,,,,,,,No
2025-03-22,Milwaukee Bucks,114.5,Sacramento Kings,101.4,Milwaukee Bucks,13.1,75.73,,,,,,,,,,,,,,,,,,,,No
2025-03-22,Chicago Bulls,114.7,Los Angeles Lakers,108.6,Chicago Bulls,6.0,58.25,,,,,,,,,,,,,,,,,,,,No
2025-03-23,Oklahoma City Thunder,107.9,Los Angeles Clippers,96.7,Oklahoma City Thunder,11.2,70.39,,,,,,,,,,,,,,,,,,,,No
2025-03-23,Denver Nuggets,124.6,Houston Rockets,119.9,Denver Nuggets,4.7,56.27,,,,,,,,,,,,,,,,,,,,No
2025-03-23,San Antonio Spurs,121.5,Toronto Raptors,115.4,San Antonio Spurs,6.0,58.25,,,,,,,,,,,,,,,,,,,,No
2025-03-23,Boston Celtics,114.8,Portland Trail Blazers,103.3,Boston Celtics,11.6,71.51,,,,,,,,,,,,,,,,,,,,No
2025-03-23,Philadelphia 76ers,120.7,Atlanta Hawks,109.1,Philadelphia 76ers,11.5,71.23,,,,,,,,,,,,,,,,,,,,No
2025-03-23,Cleveland Cavaliers,128.1,Utah Jazz,112.1,Cleveland Cavaliers,16.0,83.05,,,,,,,,,,,,,,,,,,,,No
2025-03-23,New Orleans Pelicans,108.7,Detroit Pistons,112.6,Detroit Pistons,3.9,55.27,,,,,,,,,,,,,,,,,,,,No
2025-03-23,Charlotte Hornets,106.5,Miami Heat,118.1,Miami Heat,11.6,71.51,,,,,,,,,,,,,,,,,,,,No
2025-03-24,Minnesota Timberwolves,110.7,Indiana Pacers,97.2,Minnesota Timberwolves,13.5,76.82,,,,,,,,,,,,,,,,,,,,No
2025-03-24,Los Angeles Lakers,97.7,Orlando Magic,108.7,Orlando Magic,10.9,69.55,,,,,,,,,,,,,,,,,,,,No
2025-03-24,Toronto Raptors,124.3,Washington Wizards,106.1,Toronto Raptors,18.2,87.24,,,,,,,,,,,,,,,,,,,,No
2025-03-24,Dallas Mavericks,113.1,Brooklyn Nets,97.5,Dallas Mavericks,15.6,82.14,,,,,,,,,,,,,,,,,,,,No
2025-03-24,Philadelphia 76ers,109.0,New Orleans Pelicans,102.1,Philadelphia 76ers,6.8,59.69,,,,,,,,,,,,,,,,,,,,No
2025-03-24,Chicago Bulls,116.1,Denver Nuggets,120.5,Denver Nuggets,4.4,55.88,,,,,,,,,,,,,,,,,,,,No
2025-03-24,Milwaukee Bucks,119.1,Phoenix Suns,109.9,Milwaukee Bucks,9.2,65.03,,,,,,,,,,,,,,,,,,,,No
2025-03-24,Boston Celtics,120.8,Sacramento Kings,114.2,Boston Celtics,6.6,59.32,,,,,,,,,,,,,,,,,,,,No
2025-03-25,Oklahoma City Thunder,114.3,Sacramento Kings,99.5,Oklahoma City Thunder,14.9,80.47,,,,,,,,,,,,,,,,,,,,No
2025-03-25,Cleveland Cavaliers,116.0,Portland Trail Blazers,98.6,Cleveland Cavaliers,17.4,85.87,,,,,,,,,,,,,,,,,,,,No
2025-03-25,Memphis Grizzlies,134.9,Utah Jazz,123.2,Memphis Grizzlies,11.7,71.79,,,,,,,,,,,,,,,,,,,,No
2025-03-25,Atlanta Hawks,112.1,Houston Rockets,124.8,Houston Rockets,12.6,74.33,,,,,,,,,,,,,,,,,,,,No
2025-03-25,Golden State Warriors,108.8,Miami Heat,105.6,Golden State Warriors,3.2,54.5,,,,,,,,,,,,,,,,,,,,No
2025-03-25,San Antonio Spurs,115.3,Detroit Pistons,109.2,San Antonio Spurs,6.2,58.6,,,,,,,,,,,,,,,,,,,,No
2025-03-25,Orlando Magic,119.5,Charlotte Hornets,100.3,Orlando Magic,19.2,88.73,,,,,,,,,,,,,,,,,,,,No
2025-03-25,Dallas Mavericks,109.7,New York Knicks,105.5,Dallas Mavericks,4.2,55.63,,,,,,,,,,,,,,,,,,,,No
2025-03-26,Washington Wizards,105.5,Philadelphia 76ers,108.7,Philadelphia 76ers,3.2,54.5,,,,,,,,,,,,,,,,,,,,No
2025-03-26,Toronto Raptors,112.3,Brooklyn Nets,98.8,Toronto Raptors,13.5,76.82,,,,,,,,,,,,,,,,,,,,No
2025-03-26,Los Angeles Lakers,103.4,Indiana Pacers,97.6,Los Angeles Lakers,5.8,57.92,,,,,,,,,,,,,,,,,,,,No
2025-03-26,Los Angeles Clippers,107.4,New York Knicks,103.9,Los Angeles Clippers,3.5,54.82,,,,,,,,,,,,,,,,,,,,No
2025-03-26,Milwaukee Bucks,115.7,Denver Nuggets,108.8,Milwaukee Bucks,6.9,59.88,,,,,,,,,,,,,,,,,,,,No
2025-03-26,Boston Celtics,119.8,Phoenix Suns,109.6,Boston Celtics,10.2,67.64,,,,,,,,,,,,,,,,,,,,No
2025-03-27,Portland Trail Blazers,101.1,Sacramento Kings,109.0,Sacramento Kings,7.8,61.74,,,,,,,,,,,,,,,,,,,,No
2025-03-27,Houston Rockets,129.4,Utah Jazz,110.6,Houston Rockets,18.7,88.02,,,,,,,,,,,,,,,,,,,,No
2025-03-27,Memphis Grizzlies,112.1,Oklahoma City Thunder,113.0,Oklahoma City Thunder,0.9,52.64,,,,,,,,,,,,,,,,,,,,No
2025-03-27,Los Angeles Lakers,112.2,Chicago Bulls,109.8,Los Angeles Lakers,2.4,53.75,,,,,,,,,,,,,,,,,,,,No
2025-03-27,Indiana Pacers,117.2,Washington Wizards,106.4,Indiana Pacers,10.8,69.27,,,,,,,,,,,,,,,,,,,,No
2025-03-27,Dallas Mavericks,107.3,Orlando Magic,97.8,Dallas Mavericks,9.5,65.79,,,,,,,,,,,,,,,,,,,,No
2025-03-27,San Antonio Spurs,111.2,Cleveland Cavaliers,123.3,Cleveland Cavaliers,12.1,72.92,,,,,,,,,,,,,,,,,,,,No
2025-03-27,Atlanta Hawks,119.4,Miami Heat,112.4,Atlanta Hawks,7.1,60.28,,,,,,,,,,,,,,,,,,,,No
2025-03-28,Cleveland Cavaliers,122.1,Detroit Pistons,110.4,Cleveland Cavaliers,11.7,71.79,,,,,,,,,,,,,,,,,,,,No
2025-03-28,Los Angeles Clippers,108.8,Brooklyn Nets,96.9,Los Angeles Clippers,12.0,72.64,,,,,,,,,,,,,,,,,,,,No
2025-03-28,Charlotte Hornets,112.1,Toronto Raptors,124.4,Toronto Raptors,12.3,73.49,,,,,,,,,,,,,,,,,,,,No
2025-03-28,New York Knicks,120.7,Milwaukee Bucks,116.3,New York Knicks,4.4,55.88,,,,,,,,,,,,,,,,,,,,No
2025-03-28,Phoenix Suns,112.1,Minnesota Timberwolves,101.9,Phoenix Suns,10.1,67.37,,,,,,,,,,,,,,,,,,,,No
2025-03-28,Golden State Warriors,113.9,New Orleans Pelicans,104.1,Golden State Warriors,9.7,66.31,,,,,,,,,,,,,,,,,,,,No
2025-03-28,Utah Jazz,109.1,Denver Nuggets,127.2,Denver Nuggets,18.2,87.24,,,,,,,,,,,,,,,,,,,,No
2025-03-29,Indiana Pacers,104.8,Oklahoma City Thunder,104.9,Oklahoma City Thunder,0.1,52.19,,,,,,,,,,,,,,,,,,,,No
2025-03-29,Boston Celtics,120.8,San Antonio Spurs,110.0,Boston Celtics,10.8,69.27,,,,,,,,,,,,,,,,,,,,No
2025-03-29,Los Angeles Lakers,112.4,Memphis Grizzlies,121.7,Memphis Grizzlies,9.4,65.53,,,,,,,,,,,,,,,,,,,,No
2025-03-29,Sacramento Kings,110.0,Orlando Magic,101.4,Sacramento Kings,8.5,63.32,,,,,,,,,,,,,,,,,,,,No
2025-03-29,Miami Heat,111.3,Philadelphia 76ers,100.9,Miami Heat,10.4,68.18,,,,,,,,,,,,,,,,,,,,No
2025-03-29,Brooklyn Nets,115.3,Washington Wizards,111.0,Brooklyn Nets,4.3,55.75,,,,,,,,,,,,,,,,,,,,No
2025-03-29,Dallas Mavericks,124.3,Chicago Bulls,107.1,Dallas Mavericks,17.2,85.5,,,,,,,,,,,,,,,,,,,,No
2025-03-30,Toronto Raptors,115.4,Philadelphia 76ers,103.9,Toronto Raptors,11.5,71.23,,,,,,,,,,,,,,,,,,,,No
2025-03-30,Golden State Warriors,103.2,San Antonio Spurs,107.4,San Antonio Spurs,4.2,55.63,,,,,,,,,,,,,,,,,,,,No
2025-03-30,Charlotte Hornets,116.5,New Orleans Pelicans,118.3,New Orleans Pelicans,1.8,53.26,,,,,,,,,,,,,,,,,,,,No
2025-03-30,Houston Rockets,115.5,Phoenix Suns,107.0,Houston Rockets,8.6,63.56,,,,,,,,,,,,,,,,,,,,No
2025-03-30,Atlanta Hawks,109.7,Milwaukee Bucks,120.6,Milwaukee Bucks,10.9,69.55,,,,,,,,,,,,,,,,,,,,No
2025-03-30,Portland Trail Blazers,106.2,New York Knicks,117.4,New York Knicks,11.2,70.39,,,,,,,,,,,,,,,,,,,,No
2025-03-30,Los Angeles Clippers,107.0,Cleveland Cavaliers,122.2,Cleveland Cavaliers,15.1,80.96,,,,,,,,,,,,,,,,,,,,No
2025-03-30,Detroit Pistons,112.5,Minnesota Timberwolves,105.1,Detroit Pistons,7.4,60.89,,,,,,,,,,,,,,,,,,,,No
2025-03-31,Utah Jazz,127.4,Charlotte Hornets,117.8,Utah Jazz,9.6,66.05,,,,,,,,,,,,,,,,,,,,No
2025-03-31,Sacramento Kings,113.7,Indiana Pacers,102.9,Sacramento Kings,10.8,69.27,,,,,,,,,,,,,,,,,,,,No
2025-03-31,Los Angeles Clippers,103.8,Orlando Magic,100.9,Los Angeles Clippers,2.9,54.21,,,,,,,,,,,,,,,,,,,,No
2025-03-31,Miami Heat,120.5,Washington Wizards,107.3,Miami Heat,13.2,76.0,,,,,,,,,,,,,,,,,,,,No
2025-03-31,Boston Celtics,123.5,Memphis Grizzlies,119.6,Boston Celtics,3.9,55.27,,,,,,,,,,,,,,,,,,,,No
2025-03-31,Chicago Bulls,105.3,Oklahoma City Thunder,120.3,Oklahoma City Thunder,15.0,80.72,,,,,,,,,,,,,,,,,,,,No
2025-03-31,Brooklyn Nets,107.9,Dallas Mavericks,110.2,Dallas Mavericks,2.3,53.67,,,,,,,,,,,,,,,,,,,,No
2025-03-31,Houston Rockets,115.4,Los Angeles Lakers,100.0,Houston Rockets,15.4,81.68,,,,,,,,,,,,,,,,,,,,No
2025-04-01,Minnesota Timberwolves,112.0,Denver Nuggets,106.9,Minnesota Timberwolves,5.2,56.98,,,,,,,,,,,,,,,,,,,,No
2025-04-01,Phoenix Suns,114.4,Milwaukee Bucks,116.8,Milwaukee Bucks,2.4,53.75,,,,,,,,,,,,,,,,,,,,No
2025-04-01,Golden State Warriors,102.9,Memphis Grizzlies,117.9,Memphis Grizzlies,14.9,80.47,,,,,,,,,,,,,,,,,,,,No
2025-04-01,Philadelphia 76ers,108.9,New York Knicks,108.6,Philadelphia 76ers,0.3,52.29,,,,,,,,,,,,,,,,,,,,No
2025-04-01,Portland Trail Blazers,112.9,Atlanta Hawks,119.9,Atlanta Hawks,7.1,60.28,,,,,,,,,,,,,,,,,,,,No
2025-04-01,Toronto Raptors,129.1,Chicago Bulls,122.9,Toronto Raptors,6.2,58.6,,,,,,,,,,,,,,,,,,,,No
2025-04-02,New York Knicks,117.0,Cleveland Cavaliers,123.0,Cleveland Cavaliers,6.0,58.25,,,,,,,,,,,,,,,,,,,,No
2025-04-02,Charlotte Hornets,107.9,Indiana Pacers,110.9,Indiana Pacers,3.0,54.3,,,,,,,,,,,,,,,,,,,,No
2025-04-02,Sacramento Kings,121.9,Washington Wizards,106.0,Sacramento Kings,15.9,82.82,,,,,,,,,,,,,,,,,,,,No
2025-04-02,Miami Heat,107.2,Boston Celtics,121.7,Boston Celtics,14.6,79.72,,,,,,,,,,,,,,,,,,,,No
2025-04-02,Utah Jazz,113.3,Houston Rockets,130.7,Houston Rockets,17.5,86.05,,,,,,,,,,,,,,,,,,,,No
2025-04-02,Detroit Pistons,106.0,Oklahoma City Thunder,108.0,Oklahoma City Thunder,2.0,53.42,,,,,,,,,,,,,,,,,,,,No
2025-04-02,Atlanta Hawks,109.4,Dallas Mavericks,121.3,Dallas Mavericks,12.0,72.64,,,,,,,,,,,,,,,,,,,,No
2025-04-02,San Antonio Spurs,112.1,Denver Nuggets,116.0,Denver Nuggets,3.8,55.15,,,,,,,,,,,,,,,,,,,,No
2025-04-02,New Orleans Pelicans,109.7,Los Angeles Clippers,113.3,Los Angeles Clippers,3.6,54.93,,,,,,,,,,,,,,,,,,,,No
2025-04-03,Golden State Warriors,108.3,Los Angeles Lakers,98.1,Golden State Warriors,10.2,67.64,,,,,,,,,,,,,,,,,,,,No
2025-04-03,Portland Trail Blazers,110.1,Toronto Raptors,119.6,Toronto Raptors,9.5,65.79,,,,,,,,,,,,,,,,,,,,No
2025-04-03,Milwaukee Bucks,110.8,Philadelphia 76ers,94.4,Milwaukee Bucks,16.4,83.91,,,,,,,,,,,,,,,,,,,,No
2025-04-03,Orlando Magic,119.3,Washington Wizards,95.9,Orlando Magic,23.4,92.6,,,,,,,,,,,,,,,,,,,,No
2025-04-03,Minnesota Timberwolves,110.2,Brooklyn Nets,96.5,Minnesota Timberwolves,13.8,77.63,,,,,,,,,,,,,,,,,,,,No
2025-04-03,Memphis Grizzlies,125.3,Miami Heat,112.9,Memphis Grizzlies,12.4,73.77,,,,,,,,,,,,,,,,,,,,No
2025-04-04,Oklahoma City Thunder,107.5,Houston Rockets,104.1,Oklahoma City Thunder,3.4,54.71,,,,,,,,,,,,,,,,,,,,No
2025-04-04,New Orleans Pelicans,110.5,Los Angeles Lakers,111.5,Los Angeles Lakers,1.0,52.71,,,,,,,,,,,,,,,,,,,,No
2025-04-04,Cleveland Cavaliers,123.9,San Antonio Spurs,108.7,Cleveland Cavaliers,15.1,80.96,,,,,,,,,,,,,,,,,,,,No
2025-04-04,Portland Trail Blazers,103.5,Chicago Bulls,114.7,Chicago Bulls,11.2,70.39,,,,,,,,,,,,,,,,,,,,No
2025-04-04,Dallas Mavericks,107.8,Los Angeles Clippers,98.1,Dallas Mavericks,9.7,66.31,,,,,,,,,,,,,,,,,,,,No
2025-04-04,Phoenix Suns,121.0,Boston Celtics,121.0,Boston Celtics,0.1,52.19,,,,,,,,,,,,,,,,,,,,No
2025-04-04,Detroit Pistons,120.0,Toronto Raptors,117.9,Detroit Pistons,2.0,53.42,,,,,,,,,,,,,,,,,,,,No
2025-04-04,Sacramento Kings,118.3,Charlotte Hornets,106.5,Sacramento Kings,11.8,72.08,,,,,,,,,,,,,,,,,,,,No
2025-04-04,Denver Nuggets,126.4,Golden State Warriors,122.4,Denver Nuggets,4.0,55.38,,,,,,,,,,,,,,,,,,,,No
2025-04-04,Utah Jazz,109.4,Indiana Pacers,100.3,Utah Jazz,9.1,64.78,,,,,,,,,,,,,,,,,,,,No
2025-04-05,New York Knicks,125.8,Atlanta Hawks,113.5,New York Knicks,12.3,73.49,,,,,,,,,,,,,,,,,,,,No
2025-04-05,Memphis Grizzlies,123.5,Detroit Pistons,114.8,Memphis Grizzlies,8.6,63.56,,,,,,,,,,,,,,,,,,,,No
2025-04-05,Minnesota Timberwolves,106.1,Philadelphia 76ers,94.9,Minnesota Timberwolves,11.2,70.39,,,,,,,,,,,,,,,,,,,,No
2025-04-05,Milwaukee Bucks,110.7,Miami Heat,99.2,Milwaukee Bucks,11.5,71.23,,,,,,,,,,,,,,,,,,,,No
2025-04-05,Dallas Mavericks,107.8,Los Angeles Clippers,98.1,Dallas Mavericks,9.7,66.31,,,,,,,,,,,,,,,,,,,,No
2025-04-06,Sacramento Kings,114.2,Cleveland Cavaliers,126.5,Cleveland Cavaliers,12.3,73.49,,,,,,,,,,,,,,,,,,,,No
2025-04-06,Houston Rockets,109.9,Golden State Warriors,102.3,Houston Rockets,7.5,61.09,,,,,,,,,,,,,,,,,,,,No
2025-04-06,Indiana Pacers,113.1,Denver Nuggets,116.6,Denver Nuggets,3.5,54.82,,,,,,,,,,,,,,,,,,,,No
2025-04-06,Phoenix Suns,114.9,New York Knicks,111.9,Phoenix Suns,3.0,54.3,,,,,,,,,,,,,,,,,,,,No
2025-04-06,Orlando Magic,112.6,New Orleans Pelicans,100.7,Orlando Magic,11.9,72.36,,,,,,,,,,,,,,,,,,,,No
2025-04-06,San Antonio Spurs,113.2,Portland Trail Blazers,102.8,San Antonio Spurs,10.4,68.18,,,,,,,,,,,,,,,,,,,,No
2025-04-06,Utah Jazz,129.0,Atlanta Hawks,124.3,Utah Jazz,4.7,56.27,,,,,,,,,,,,,,,,,,,,No
2025-04-06,Washington Wizards,100.2,Boston Celtics,123.2,Boston Celtics,22.9,92.29,,,,,,,,,,,,,,,,,,,,No
2025-04-06,Los Angeles Lakers,95.1,Oklahoma City Thunder,108.5,Oklahoma City Thunder,13.3,76.28,,,,,,,,,,,,,,,,,,,,No
2025-04-06,Toronto Raptors,112.3,Brooklyn Nets,98.8,Toronto Raptors,13.5,76.82,,,,,,,,,,,,,,,,,,,,No
2025-04-06,Chicago Bulls,120.1,Charlotte Hornets,115.1,Chicago Bulls,5.0,56.69,,,,,,,,,,,,,,,,,,,,No
2025-04-07,Sacramento Kings,118.8,Detroit Pistons,111.2,Sacramento Kings,7.6,61.31,,,,,,,,,,,,,,,,,,,,No
2025-04-07,Philadelphia 76ers,109.7,Miami Heat,102.2,Philadelphia 76ers,7.6,61.31,,,,,,,,,,,,,,,,,,,,No
2025-04-08,Golden State Warriors,107.2,Phoenix Suns,114.1,Phoenix Suns,6.8,59.69,,,,,,,,,,,,,,,,,,,,No
2025-04-08,Los Angeles Lakers,95.1,Oklahoma City Thunder,108.5,Oklahoma City Thunder,13.3,76.28,,,,,,,,,,,,,,,,,,,,No
2025-04-08,Minnesota Timberwolves,109.3,Milwaukee Bucks,107.1,Minnesota Timberwolves,2.2,53.58,,,,,,,,,,,,,,,,,,,,No
2025-04-08,San Antonio Spurs,109.7,Los Angeles Clippers,101.4,San Antonio Spurs,8.3,62.86,,,,,,,,,,,,,,,,,,,,No
2025-04-08,Boston Celtics,116.9,New York Knicks,114.2,Boston Celtics,2.7,54.02,,,,,,,,,,,,,,,,,,,,No
2025-04-08,New Orleans Pelicans,110.6,Brooklyn Nets,104.7,New Orleans Pelicans,5.8,57.92,,,,,,,,,,,,,,,,,,,,No
2025-04-08,Washington Wizards,106.5,Indiana Pacers,108.9,Indiana Pacers,2.4,53.75,,,,,,,,,,,,,,,,,,,,No
2025-04-08,Chicago Bulls,111.6,Cleveland Cavaliers,123.3,Cleveland Cavaliers,11.7,71.79,,,,,,,,,,,,,,,,,,,,No
2025-04-08,Memphis Grizzlies,128.7,Charlotte Hornets,109.6,Memphis Grizzlies,19.1,88.59,,,,,,,,,,,,,,,,,,,,No
2025-04-08,Atlanta Hawks,112.7,Orlando Magic,121.0,Orlando Magic,8.4,63.09,,,,,,,,,,,,,,,,,,,,No
2025-04-09,Houston Rockets,112.9,Los Angeles Clippers,102.6,Houston Rockets,10.3,67.91,,,,,,,,,,,,,,,,,,,,No
2025-04-09,Denver Nuggets,126.4,Sacramento Kings,123.5,Denver Nuggets,2.9,54.21,,,,,,,,,,,,,,,,,,,,No
2025-04-09,San Antonio Spurs,119.7,Golden State Warriors,114.5,San Antonio Spurs,5.2,56.98,,,,,,,,,,,,,,,,,,,,No
2025-04-09,Portland Trail Blazers,117.2,Utah Jazz,122.7,Utah Jazz,5.6,57.6,,,,,,,,,,,,,,,,,,,,No
2025-04-09,New Orleans Pelicans,105.4,Milwaukee Bucks,114.6,Milwaukee Bucks,9.3,65.28,,,,,,,,,,,,,,,,,,,,No
2025-04-09,Oklahoma City Thunder,116.5,Phoenix Suns,100.4,Oklahoma City Thunder,16.1,83.26,,,,,,,,,,,,,,,,,,,,No
2025-04-09,Charlotte Hornets,112.1,Toronto Raptors,124.4,Toronto Raptors,12.3,73.49,,,,,,,,,,,,,,,,,,,,No
2025-04-09,Los Angeles Lakers,101.7,Dallas Mavericks,112.9,Dallas Mavericks,11.2,70.39,,,,,,,,,,,,,,,,,,,,No
2025-04-09,Philadelphia 76ers,116.0,Washington Wizards,102.8,Philadelphia 76ers,13.2,76.0,,,,,,,,,,,,,,,,,,,,No
2025-04-09,Boston Celtics,114.5,Orlando Magic,109.6,Boston Celtics,4.9,56.55,,,,,,,,,,,,,,,,,,,,No
2025-04-09,Miami Heat,114.9,Chicago Bulls,106.6,Miami Heat,8.3,62.86,,,,,,,,,,,,,,,,,,,,No
2025-04-10,New York Knicks,117.0,Detroit Pistons,108.9,New York Knicks,8.1,62.4,,,,,,,,,,,,,,,,,,,,No
2025-04-10,Cleveland Cavaliers,123.4,Indiana Pacers,104.2,Cleveland Cavaliers,19.2,88.73,,,,,,,,,,,,,,,,,,,,No
2025-04-10,Atlanta Hawks,111.1,Brooklyn Nets,97.5,Atlanta Hawks,13.6,77.09,,,,,,,,,,,,,,,,,,,,No
2025-04-10,Minnesota Timberwolves,111.4,Memphis Grizzlies,103.6,Minnesota Timberwolves,7.8,61.74,,,,,,,,,,,,,,,,,,,,No
2025-04-11,Houston Rockets,115.4,Los Angeles Lakers,100.0,Houston Rockets,15.4,81.68,,,,,,,,,,,,,,,,,,,,No
2025-04-11,Los Angeles Clippers,108.2,Sacramento Kings,100.7,Los Angeles Clippers,7.5,61.09,,,,,,,,,,,,,,,,,,,,No
2025-04-11,Golden State Warriors,109.8,Portland Trail Blazers,99.9,Golden State Warriors,9.9,66.83,,,,,,,,,,,,,,,,,,,,No
2025-04-11,San Antonio Spurs,125.0,Phoenix Suns,119.6,San Antonio Spurs,5.4,57.28,,,,,,,,,,,,,,,,,,,,No
2025-04-11,Oklahoma City Thunder,127.4,Utah Jazz,106.8,Oklahoma City Thunder,20.5,90.29,,,,,,,,,,,,,,,,,,,,No
2025-04-11,Brooklyn Nets,102.4,Minnesota Timberwolves,102.7,Minnesota Timberwolves,0.3,52.29,,,,,,,,,,,,,,,,,,,,No
2025-04-11,Memphis Grizzlies,114.3,Denver Nuggets,116.2,Denver Nuggets,2.0,53.42,,,,,,,,,,,,,,,,,,,,No
2025-04-11,Washington Wizards,112.5,Chicago Bulls,118.3,Chicago Bulls,5.8,57.92,,,,,,,,,,,,,,,,,,,,No
2025-04-11,Miami Heat,112.9,New Orleans Pelicans,106.2,Miami Heat,6.7,59.5,,,,,,,,,,,,,,,,,,,,No
2025-04-11,Cleveland Cavaliers,121.2,New York Knicks,111.2,Cleveland Cavaliers,10.1,67.37,,,,,,,,,,,,,,,,,,,,No
2025-04-11,Charlotte Hornets,100.8,Boston Celtics,123.1,Boston Celtics,22.3,91.88,,,,,,,,,,,,,,,,,,,,No
2025-04-11,Atlanta Hawks,117.1,Philadelphia 76ers,102.5,Atlanta Hawks,14.6,79.72,,,,,,,,,,,,,,,,,,,,No
2025-04-11,Orlando Magic,110.5,Indiana Pacers,95.5,Orlando Magic,15.0,80.72,,,,,,,,,,,,,,,,,,,,No
2025-04-11,Milwaukee Bucks,113.4,Detroit Pistons,105.9,Milwaukee Bucks,7.4,60.89,,,,,,,,,,,,,,,,,,,,No
2025-04-11,Toronto Raptors,109.9,Dallas Mavericks,116.6,Dallas Mavericks,6.7,59.5,,,,,,,,,,,,,,,,,,,,No
2025-04-13,Los Angeles Lakers,107.6,Portland Trail Blazers,105.0,Los Angeles Lakers,2.6,53.93,,,,,,,,,,,,,,,,,,,,No
2025-04-13,Oklahoma City Thunder,113.2,New Orleans Pelicans,100.3,Oklahoma City Thunder,12.9,75.17,,,,,,,,,,,,,,,,,,,,No
2025-04-13,Utah Jazz,113.5,Minnesota Timberwolves,118.1,Minnesota Timberwolves,4.6,56.14,,,,,,,,,,,,,,,,,,,,No
2025-04-13,Dallas Mavericks,120.5,Memphis Grizzlies,110.0,Dallas Mavericks,10.5,68.45,,,,,,,,,,,,,,,,,,,,No
2025-04-13,Denver Nuggets,124.6,Houston Rockets,119.9,Denver Nuggets,4.7,56.27,,,,,,,,,,,,,,,,,,,,No
2025-04-13,Los Angeles Clippers,111.7,Golden State Warriors,109.9,Los Angeles Clippers,1.9,53.34,,,,,,,,,,,,,,,,,,,,No
2025-04-13,Indiana Pacers,108.0,Cleveland Cavaliers,125.8,Cleveland Cavaliers,17.8,86.58,,,,,,,,,,,,,,,,,,,,No
2025-04-13,Detroit Pistons,116.2,Milwaukee Bucks,121.2,Milwaukee Bucks,5.0,56.69,,,,,,,,,,,,,,,,,,,,No
2025-04-13,Washington Wizards,106.6,Miami Heat,116.2,Miami Heat,9.6,66.05,,,,,,,,,,,,,,,,,,,,No
2025-04-13,New York Knicks,116.7,Brooklyn Nets,100.1,New York Knicks,16.6,84.32,,,,,,,,,,,,,,,,,,,,No
2025-04-13,Charlotte Hornets,100.8,Boston Celtics,123.1,Boston Celtics,22.3,91.88,,,,,,,,,,,,,,,,,,,,No
2025-04-13,Orlando Magic,119.8,Atlanta Hawks,98.0,Orlando Magic,21.8,91.5,,,,,,,,,,,,,,,,,,,,No
2025-04-13,Phoenix Suns,122.3,Sacramento Kings,112.5,Phoenix Suns,9.8,66.57,,,,,,,,,,,,,,,,,,,,No
2025-04-13,Chicago Bulls,113.4,Philadelphia 76ers,106.5,Chicago Bulls,6.9,59.88,,,,,,,,,,,,,,,,,,,,No
2025-04-13,Toronto Raptors,125.3,San Antonio Spurs,122.4,Toronto Raptors,2.8,54.11,,,,,,,,,,,,,,,,,,,,No
